N1_Ori,N2_Ori,N3_Ori,N4_Ori,N5_Ori,N6_Ori,N7_Ori,N8_Ori,N9_Ori,N10_Ori,N11_Ori,N12_Ori,N13_Ori,N14_Ori,N15_Ori,N16_Ori,N17_Ori,N18_Ori,N19_Ori,N20_Ori,N21_Ori,N22_Ori,N23_Ori,N24_Ori,N25_Ori
3.159552904555318e+18,3.478747315555554e+18,3.653992489082968e+18,3.686666459715641e+18,3.715393066666668e+18,3.9311929873417754e+18,3.942722366972476e+18,4.0229896408839777e+18,4.0451450638297887e+18,4.124702097402597e+18,4.0285560833333345e+18,4.075102244274809e+18,3.864750027272727e+18,3.894686322981366e+18,3.907445714285713e+18,3.920520179012346e+18,3.833316431654677e+18,3.8619046855345894e+18,3.864708373239436e+18,3.930983e+18,3.9062412359550546e+18,3.895949674418605e+18,3.8923564256756746e+18,3.813489483221477e+18,3.851747103092784e+18
3.1356146705490847e+18,3.43931354252199e+18,3.661378063432836e+18,3.632222035874438e+18,3.712510983695653e+18,3.6536284427083325e+18,3.9834059226190474e+18,3.8451103787878784e+18,4.0072261625615754e+18,4.1841079829545446e+18,4.139391786324787e+18,4.019863877659576e+18,3.9660899653465334e+18,3.9746515505617966e+18,3.9878997397959194e+18,3.8575580483870976e+18,4.0234404596273295e+18,3.907990888268157e+18,4.054302488e+18,3.9132976459627336e+18,4.025904892215568e+18,3.885915654135336e+18,3.885578754629629e+18,3.828050909090911e+18,3.7056627142857144e+18
3.105536636956521e+18,3.516462584507042e+18,3.6933520522088335e+18,3.7213906818181816e+18,3.8428608989898977e+18,3.667177856382977e+18,3.8737103488372127e+18,4.007416288888889e+18,4.089864410810813e+18,4.2115035988700575e+18,4.002502954248367e+18,4.058545270588234e+18,3.8876078707865185e+18,3.879475856e+18,3.7804579595959593e+18,3.8781851571428577e+18,3.920330652777776e+18,3.96586772027972e+18,3.9083429145728655e+18,3.9188747283950623e+18,3.951399365269461e+18,3.953000282296653e+18,3.8303294344827576e+18,3.828498692307692e+18,3.715301156626508e+18
3.04880431418919e+18,3.430668231543624e+18,3.7742688805460767e+18,3.744410826855123e+18,3.810236417777776e+18,3.7952289674418606e+18,3.942578138613858e+18,3.966494648044693e+18,4.048754417777778e+18,3.99434796470588e+18,4.1408747336448573e+18,4.0282581971153864e+18,3.9868839726027407e+18,3.7758817878787886e+18,3.957925771186439e+18,3.935144526717556e+18,3.8890426241134766e+18,3.8339118264462807e+18,3.915016932960893e+18,3.896031824e+18,3.994465976047905e+18,3.981895928143713e+18,3.9727037404580137e+18,3.7935752214765097e+18,3.768619e+18
3.241139303571429e+18,3.50742745522388e+18,3.643478368131867e+18,3.8269303513513487e+18,3.6942848848484854e+18,3.7426307051282074e+18,3.943764090909092e+18,3.9446675911949686e+18,3.8728799327731087e+18,4.192067975e+18,4.0737588666666655e+18,4.1085051327433615e+18,3.9471712698412713e+18,3.7526998352941174e+18,3.986673794326241e+18,3.913470348623855e+18,3.850191078014185e+18,3.877791170731705e+18,3.8815025555555553e+18,3.924461755244756e+18,3.834682330188678e+18,3.923480413533836e+18,3.862321827272728e+18,3.8600455565217377e+18,3.708830136094677e+18
3.200154376443418e+18,3.4655299090909087e+18,3.496445691943127e+18,3.666380071111112e+18,3.7167553121951247e+18,3.705991773255815e+18,3.9003101444444447e+18,3.8770315572139295e+18,3.967595976608189e+18,4.0002549691358013e+18,4.003513784140968e+18,4.007903571428572e+18,3.7488308588957046e+18,3.9235672883720945e+18,3.9593716358024704e+18,3.933327936046512e+18,3.846968776536312e+18,3.931853943548388e+18,3.8652462704081623e+18,3.860470193548388e+18,3.927974344444446e+18,4.0113484538461537e+18,3.9081157058823537e+18,3.708889081632652e+18,3.7293708486842086e+18
3.2552809034907607e+18,3.415391976190476e+18,3.736923363333332e+18,3.703193178571429e+18,3.75407320652174e+18,3.6868324e+18,3.985327965517241e+18,3.9064141056910566e+18,4.061079076023391e+18,3.991829062801932e+18,3.9186156569343073e+18,3.9733248967391304e+18,3.947068789743589e+18,4.060048483333333e+18,3.908483873015873e+18,3.8801515168539295e+18,3.795606802325582e+18,3.99184717127072e+18,4.002521338028168e+18,3.9120244e+18,3.936354780821919e+18,3.854521726027396e+18,3.8024318907103826e+18,3.788355720930232e+18,3.7222714184782607e+18
3.002910373913046e+18,3.441245882352944e+18,3.7690773678929766e+18,3.7664415507812495e+18,3.909393875e+18,3.7430331578947354e+18,3.8742178090452255e+18,3.905745655e+18,4.121302295918368e+18,4.102815014150945e+18,4.0893251568627446e+18,4.051541548672569e+18,4.0826888769230766e+18,3.9615546954314737e+18,3.865799983146067e+18,3.8446260476190464e+18,3.903701856115109e+18,3.763817255434784e+18,3.87886770754717e+18,3.9735216790123433e+18,3.912874375e+18,3.9652368163265295e+18,3.8469639161676646e+18,3.9279090300751887e+18,3.6576567142857155e+18
3.300216207650272e+18,3.460023393364927e+18,3.5095731843575424e+18,3.72933796153846e+18,3.7548764727272735e+18,3.7539864265734246e+18,3.734659881188119e+18,4.0818541195652193e+18,4.2299497394957967e+18,4.1030107916666655e+18,3.9829936296296305e+18,3.860860327272727e+18,4.026048991150443e+18,3.85821206542056e+18,4.043925409090912e+18,3.9336223951612913e+18,3.831536090909093e+18,3.9258705370370365e+18,3.8387842014925373e+18,3.9497809504950487e+18,3.827587136690648e+18,3.9417749924242406e+18,3.989787684210526e+18,3.7692805100671135e+18,3.7456115433070863e+18
3.1813996156941665e+18,3.398463187050359e+18,3.59377475471698e+18,3.725371980676329e+18,3.7447455675675674e+18,3.699780883040936e+18,3.747031307692308e+18,3.9695141375e+18,4.006813405940595e+18,4.1276423846153846e+18,4.0164187748344376e+18,3.834816140939598e+18,3.916782796407184e+18,3.883828628571429e+18,3.9360662129629635e+18,3.88918456687898e+18,4.032668311111111e+18,3.902678413580247e+18,3.887033731958764e+18,3.8668363417721513e+18,3.9001307924528297e+18,3.928613792349727e+18,3.8922392e+18,3.798105161676645e+18,3.728599306451615e+18
3.1079542897350994e+18,3.4572972301136364e+18,3.743786285198556e+18,3.6982125137614664e+18,3.748632918215613e+18,3.714463403508772e+18,3.8858692216494863e+18,3.956981011363635e+18,4.0741784545454546e+18,3.9606258693693686e+18,4.0595480869565215e+18,3.9427863094170414e+18,3.9940601366120207e+18,3.911705546875e+18,3.9473867430167593e+18,3.781608778688524e+18,3.8410366855345894e+18,3.824916986842104e+18,3.796037533783784e+18,3.9325840061349693e+18,3.951770253424656e+18,3.977247664233577e+18,3.7866795813953505e+18,3.8016612052980137e+18,3.6921336066666655e+18
2.998064350086653e+18,3.4459566788079473e+18,3.663901358156028e+18,3.866420938356164e+18,3.814693913385828e+18,3.805986268571429e+18,3.732795806060608e+18,3.9609336790697646e+18,4.1281939951456287e+18,4.140182698275861e+18,4.0306170430622024e+18,4.035204426666667e+18,3.9424053251533727e+18,3.931393533742333e+18,3.851904377358488e+18,3.8732570188679214e+18,3.8572902014388495e+18,3.98767242222222e+18,3.9296494916201134e+18,3.85858223809524e+18,3.95562208588957e+18,3.9571346284153016e+18,3.841409036036036e+18,3.813130012269939e+18,3.7768874153846144e+18
3.3749578915401334e+18,3.545554793522266e+18,3.7650051541850214e+18,3.8516432615384617e+18,3.7951706956521754e+18,3.690316120418847e+18,3.901613862244898e+18,4.0432241e+18,3.996122798994977e+18,4.160817720379144e+18,3.969409276315789e+18,4.059576807228915e+18,3.98140091549296e+18,3.9139250218978135e+18,3.9167315276381937e+18,3.8880205434782577e+18,3.833329427536232e+18,3.808544971563981e+18,3.9001603439490447e+18,3.906246834254143e+18,3.862788372093022e+18,3.814368286516857e+18,3.824847918181817e+18,3.83250439455782e+18,3.7167528755186714e+18
3.178378353420199e+18,3.486313369718309e+18,3.6297717306397286e+18,3.646371353790615e+18,3.732332805970149e+18,3.638288973509933e+18,3.854567988571428e+18,3.7475456720430095e+18,4.113461232558141e+18,3.99398044736842e+18,4.0661856395348833e+18,4.1377924529411753e+18,4.02216081875e+18,3.8344053204419886e+18,4.0093842258064497e+18,3.8335624928571423e+18,3.8513114388489206e+18,3.829730698113209e+18,4.0174965497076024e+18,3.81238189473684e+18,3.9930236301369856e+18,3.8864296939890714e+18,3.8680453693693727e+18,3.776251830303032e+18,3.7024218738738734e+18
3.051536862876255e+18,3.4323508137535805e+18,3.65166666920152e+18,3.71164617167382e+18,3.703030851562504e+18,3.656577509090907e+18,3.799568450261781e+18,4.028383963414632e+18,3.97848351569507e+18,4.0268877799043057e+18,3.996093633136095e+18,4.0436005520361994e+18,4.0036967914438497e+18,3.908906795275591e+18,3.89969171165644e+18,3.8542388260869586e+18,3.830783132183909e+18,3.9161544432989696e+18,3.871926965034963e+18,3.8949721126760566e+18,4.0773409935897405e+18,3.7819179743589734e+18,3.7780333373493975e+18,3.8169642857142845e+18,3.698979814371256e+18
3.106489948811698e+18,3.427820922807019e+18,3.735566797909408e+18,3.9141028195876296e+18,3.727194293814433e+18,3.770262260115608e+18,3.816841465408805e+18,3.974119043209877e+18,4.063039508196722e+18,4.1563412564102574e+18,4.08737955652174e+18,4.0231881497005993e+18,3.975600807228916e+18,3.849574602564103e+18,3.904257641509437e+18,3.87816810625e+18,3.8266262179487186e+18,3.8463074516129024e+18,4.0381771947368417e+18,3.905305763636362e+18,3.9057170606060616e+18,3.9031867904191616e+18,3.8104911366120207e+18,3.7793814397590354e+18,3.731514547058824e+18
3.311879970711298e+18,3.5629155362903214e+18,3.72810213656388e+18,3.7666059791666657e+18,3.660382607142856e+18,3.724568468571432e+18,3.7374529067796593e+18,3.871114988636364e+18,3.9612431717791406e+18,4.175608597402596e+18,4.188685402985076e+18,4.0573284939759017e+18,3.936509728e+18,3.8384662403846134e+18,3.925434987421384e+18,4.00564947887324e+18,3.8815684840764334e+18,3.914366071428571e+18,3.836964949044584e+18,3.861546619565216e+18,3.8152191966292127e+18,3.891957096551724e+18,3.848372269607842e+18,3.702520848e+18,3.813340719298244e+18
3.1183985863192166e+18,3.4170996302250783e+18,3.6056359634551526e+18,3.7063556940298496e+18,3.668376539906105e+18,3.7304071173469384e+18,3.81495127222222e+18,4.058990577114424e+18,3.924549219626169e+18,4.039874791666668e+18,4.109794046511628e+18,4.016401875675676e+18,3.960811802197803e+18,3.8758681420454543e+18,3.850838276729559e+18,3.837926742105264e+18,3.7904441e+18,3.8736798280254766e+18,3.8041093900709217e+18,4.1178305342465736e+18,3.864486369565216e+18,3.9770986464088376e+18,3.7866310630630625e+18,3.790045589108912e+18,3.707290886363636e+18
3.1211903799682017e+18,3.437640507462684e+18,3.6553469531914926e+18,3.795878147540984e+18,3.725075178423239e+18,3.6351681506849326e+18,3.86435938071066e+18,3.92965934751773e+18,4.111018908602149e+18,4.0342277919075133e+18,4.1118011445086674e+18,3.9706381630434785e+18,4.01122049659864e+18,3.8638264263565885e+18,3.9924376556291374e+18,3.8745428e+18,3.9060772303370793e+18,3.843561e+18,3.916577748427672e+18,3.8710707569060767e+18,3.8901687264150927e+18,3.900046524390242e+18,3.8277304961832054e+18,3.878901082840236e+18,3.703117518292684e+18
3.161386907449211e+18,3.5832589139344236e+18,3.7226013636363607e+18,3.8070521894273096e+18,3.7416471515151514e+18,3.5337734e+18,3.8969101840796e+18,3.917081223577233e+18,4.0663291812865464e+18,4.0324486751269023e+18,4.149622803652965e+18,4.063772273333333e+18,3.967164631313128e+18,3.8724951696428575e+18,3.9612163076923105e+18,3.919891685185185e+18,3.8898088409090913e+18,3.784947169811321e+18,3.945448638888889e+18,4.000562981818184e+18,4.003955485148514e+18,3.8392793735632225e+18,3.8641087586206874e+18,3.8094925097087386e+18,3.752072784946236e+18
3.236036299765807e+18,3.558186839009288e+18,3.6744992065217367e+18,3.722307089171974e+18,3.6106946607142866e+18,3.679880965e+18,3.77331235443038e+18,3.898472513761468e+18,4.124940029411766e+18,4.2026676206896543e+18,3.9928179734513265e+18,4.0224720348837217e+18,3.994673721893491e+18,3.860244884057971e+18,3.899476223350252e+18,3.9186494505494513e+18,3.89029175568182e+18,3.847015644329899e+18,3.864447865168542e+18,3.919539833333333e+18,3.7656482105263165e+18,3.976607806451612e+18,3.8167322146892657e+18,3.7917981629629614e+18,3.721194235294117e+18
3.16118519217082e+18,3.4619177104377103e+18,3.567807341379308e+18,3.699884335526319e+18,3.616113930875577e+18,3.6821082908163267e+18,3.683111016393445e+18,4.0135104824120607e+18,4.0053029531914906e+18,4.1107056865671634e+18,3.990688401746725e+18,4.046796228260867e+18,3.840113570552149e+18,3.771693446511626e+18,3.842974908571429e+18,3.841280275280899e+18,3.8772530349650335e+18,3.776377100719424e+18,3.893891669064751e+18,3.8271851595092014e+18,3.858352858024692e+18,3.974058324324324e+18,3.8741583192771057e+18,3.718327205479451e+18,3.780397157894736e+18
3.262214966417908e+18,3.4398324659863916e+18,3.6571871028806595e+18,3.78232253125e+18,3.726887086363635e+18,3.617860137724551e+18,3.907214771573604e+18,3.8697421542857144e+18,4.0833196030534344e+18,4.013310849056606e+18,3.949372360465115e+18,3.8720244794520535e+18,3.8972584111111127e+18,3.9431109274193536e+18,3.769854839160839e+18,3.8444718285714263e+18,3.920076035714287e+18,3.8820429943502807e+18,3.940988322404372e+18,3.7729374294871777e+18,3.9153152928176794e+18,3.902070076502732e+18,3.90528257615894e+18,3.7854432e+18,3.728200053892217e+18
3.177824911926606e+18,3.578786308571427e+18,3.872357721014495e+18,3.80256770165746e+18,3.7215974919786097e+18,3.660816953757228e+18,3.8632331420454554e+18,3.925878049382717e+18,3.883647876288661e+18,4.083849041450779e+18,3.9351107348484854e+18,4.107455812865495e+18,3.9199724e+18,3.9200098827586207e+18,3.9167849240506327e+18,3.8972315040650414e+18,3.9017815480226e+18,3.922768733812949e+18,3.9604375566037734e+18,3.889105082568808e+18,3.9162019937888195e+18,3.9212766318407946e+18,3.798316366666664e+18,3.870812119205298e+18,3.7363924975369446e+18
3.290603527607361e+18,3.523964100877197e+18,3.721200287804877e+18,3.661165040909088e+18,3.635748737430167e+18,3.5552372519685043e+18,3.9445704388489216e+18,3.911578305732484e+18,4.102288070796461e+18,4.0660143382352937e+18,4.008678296875e+18,4.052792990909089e+18,3.823975804511279e+18,3.983967120805369e+18,3.9751021527777777e+18,3.893997484276728e+18,3.877630323943663e+18,3.883617285714287e+18,3.834328113402061e+18,3.889062453703704e+18,3.796945011235955e+18,3.883047650349652e+18,3.9159852932330813e+18,3.898324887640449e+18,3.7143348652482273e+18
3.211466364062499e+18,3.56623995142857e+18,3.608489622377621e+18,3.6738823384615393e+18,3.646137679802954e+18,3.6885624114583327e+18,3.7571030117647063e+18,3.9792731875e+18,4.005920328125e+18,4.015792721518988e+18,4.020721021390373e+18,4.0355239940119767e+18,3.942908933734939e+18,3.979429187878788e+18,3.779712790540538e+18,4.117624088888888e+18,3.9174312515723274e+18,3.873740615384616e+18,3.859598084745761e+18,3.8752693986013993e+18,3.959585678082192e+18,3.802141785714287e+18,3.905143e+18,3.7823189251336904e+18,3.674131414965986e+18
3.1822773865546204e+18,3.5971275234374994e+18,3.6894784375e+18,3.748660235602093e+18,3.716890822580644e+18,3.613071497005989e+18,3.885114588832488e+18,3.96123445e+18,3.931540157657657e+18,4.2076150111731866e+18,3.9183363537414973e+18,4.019052289855072e+18,3.9413608674698793e+18,3.8890800896551726e+18,3.941355740740743e+18,3.81206340506329e+18,3.8029917307692314e+18,3.8900213162790687e+18,3.8900882314814817e+18,3.904417648068669e+18,4.025048179310343e+18,3.8700858e+18,3.792305218905472e+18,3.841702240601504e+18,3.794289207964604e+18
3.1942989732283453e+18,3.4522901846689864e+18,3.7877144323308247e+18,3.8020663046875034e+18,3.9013301985018737e+18,3.7465216230366495e+18,3.895562744444444e+18,3.9908386129032253e+18,3.9145479716312054e+18,4.015760129629629e+18,4.176353151515152e+18,4.1000996526946094e+18,4.030961020408162e+18,3.9263247142857134e+18,3.873015933962264e+18,3.94856250625e+18,3.7964645035461007e+18,3.851537326241136e+18,3.9595227267759555e+18,3.708526435294117e+18,3.953250405e+18,3.906731901840488e+18,3.942173626086957e+18,3.861676412621357e+18,3.8141187422680407e+18
3.2263328129175977e+18,3.4481456108786627e+18,3.7666286415929206e+18,3.700146888297872e+18,3.7129024876543217e+18,3.5675418421052626e+18,3.930202956521736e+18,3.9657117932960896e+18,4.1898375252525256e+18,4.098193655367233e+18,3.9385008451612897e+18,3.986850333333333e+18,3.999444021978024e+18,3.7416851239669407e+18,3.8380371842105257e+18,3.938020954887218e+18,3.917906544e+18,3.8834675943396234e+18,3.939888240310079e+18,3.8931462578616366e+18,3.7802169438202225e+18,3.8545536802721085e+18,3.803460761904761e+18,3.807820702702703e+18,3.7179664961240305e+18
3.143974824786324e+18,3.4704932750809047e+18,3.6036231563786e+18,3.7352654063926953e+18,3.607933478672988e+18,3.7356869621621606e+18,3.869123811428572e+18,3.952781988764044e+18,3.973518440476191e+18,4.0331187142857134e+18,4.0761438105263165e+18,4.078457647058824e+18,3.946349734939759e+18,3.969673935483873e+18,3.9440817183098583e+18,3.997333707070708e+18,4.0130683065693425e+18,3.910632609302322e+18,3.8576885975609754e+18,3.854247088e+18,3.938722666666669e+18,3.952712775e+18,3.7737283629629614e+18,3.79720881868132e+18,3.7915838783783834e+18
3.19574491575092e+18,3.506156693602694e+18,3.791716804428045e+18,3.6818131913043487e+18,3.7714720324074086e+18,3.7267314244186015e+18,3.784728829113924e+18,4.0070404917127055e+18,3.99491472906404e+18,4.044465617021276e+18,3.9468005714285706e+18,3.966297048780488e+18,4.0412713488372106e+18,3.8630141136363617e+18,3.928424490797548e+18,4.0320115874125885e+18,3.8003576779661025e+18,3.7220070769230787e+18,3.840273364197531e+18,3.9046222068965514e+18,4.04253883e+18,3.91946818181818e+18,3.9025073915662633e+18,3.8343933723404257e+18,3.6998558125e+18
3.231966211838007e+18,3.564683829341319e+18,3.8006510221238943e+18,3.846445734082398e+18,3.826402119834707e+18,3.795158471861471e+18,3.8933596150234767e+18,3.889080069620255e+18,4.1670701361502326e+18,4.151984986111111e+18,4.1291760725388616e+18,4.036672104477611e+18,3.952505754098361e+18,3.8648791920529833e+18,4.033596941798939e+18,3.915550274193548e+18,3.942598938650308e+18,3.884479185022024e+18,3.853186801652892e+18,3.905949e+18,4.02659190625e+18,3.940528953488371e+18,3.918004735576924e+18,3.843647010752687e+18,3.724710013333333e+18
3.2128519106029087e+18,3.5349462649253755e+18,3.678867748792272e+18,3.847605080459769e+18,3.795910977611941e+18,3.62177853398058e+18,3.7324819180327875e+18,3.9614330342465746e+18,4.0369405491803295e+18,4.059120351351352e+18,3.922067316176471e+18,4.1224143404255293e+18,3.88403891011236e+18,3.9520295642857134e+18,3.9158954259259274e+18,4.008509336e+18,3.8105388317757025e+18,4.004325515625e+18,3.8794866573426575e+18,3.8607729375e+18,3.9075314375e+18,3.877732789115645e+18,3.8322735319148954e+18,3.843400910052909e+18,3.8147512278481014e+18
3.1732173802520986e+18,3.671604358552633e+18,3.7146528814433e+18,3.64768631e+18,3.747694270718232e+18,3.7158821074766346e+18,3.9196502160804024e+18,3.8879288818181827e+18,4.0220136306818176e+18,4.0077171898734177e+18,4.0200375120772925e+18,4.000037295652176e+18,4.046160860139863e+18,3.9102278672985784e+18,3.884808867924528e+18,3.922526839506173e+18,3.9796129693877535e+18,3.860043088888889e+18,3.889299937888199e+18,3.9848591464646456e+18,3.961996534246576e+18,3.894685333333333e+18,3.867613547297296e+18,3.836687886138612e+18,3.824962621761658e+18
3.202237804075236e+18,3.551222843373494e+18,3.687974401337793e+18,3.795485714859437e+18,3.695701625e+18,3.7504774857142866e+18,3.889575137755103e+18,3.9783418883720945e+18,3.9298012808988754e+18,4.2430731797752806e+18,4.050977532894736e+18,4.14278566013072e+18,3.959708832e+18,3.915279779661015e+18,3.965833472222222e+18,3.933999736e+18,3.911373018292682e+18,3.8564440476190464e+18,3.829426006134969e+18,3.8594290424242417e+18,4.024153557046977e+18,3.9718558461538473e+18,3.84502534375e+18,3.888336382198952e+18,3.7036253008849567e+18
3.1650451742671007e+18,3.596516966292135e+18,3.7515166215139487e+18,3.7405600675675674e+18,3.860029328301889e+18,3.776138460869565e+18,3.7614564883720904e+18,4.0330079902912655e+18,4.119476751196172e+18,4.125110476190477e+18,4.206986612903225e+18,4.0807439e+18,3.938345381818184e+18,3.8334416308724823e+18,4.0011163700787415e+18,3.91810108275862e+18,3.9248583146853146e+18,3.9706846341463424e+18,3.944683587412588e+18,3.9483381958041953e+18,3.9880192515337416e+18,4.0019678807947e+18,3.896746053691277e+18,3.820420485029938e+18,3.6526937048192794e+18
3.302429226966294e+18,3.541227759259258e+18,3.7131945971222984e+18,3.786932321888414e+18,3.628315041095892e+18,3.673913891428574e+18,3.9897477111111096e+18,3.9162982791878175e+18,4.0127300270270254e+18,3.894673968911917e+18,4.1459429610389606e+18,3.967797935672516e+18,3.908420060402685e+18,3.816883822580645e+18,3.861641565517241e+18,3.927191089655172e+18,3.918689213483146e+18,3.9474914324324326e+18,3.918131950495052e+18,3.8469495985401457e+18,4.0325272628571407e+18,3.903477573770493e+18,3.893536473684208e+18,3.785674517766498e+18,3.6784854747474744e+18
3.2780076870860933e+18,3.5602790334346527e+18,3.689019996268656e+18,3.6200301980676337e+18,3.6730679073170734e+18,3.7076302244897946e+18,3.8850120879120886e+18,3.9609227818181806e+18,4.063663742514971e+18,4.1949484690721654e+18,4.074957768786126e+18,4.025103029585799e+18,3.9734874606060605e+18,3.770644654545453e+18,3.7970894691358013e+18,4.000801166666668e+18,4.011255486187847e+18,4.1131641515151514e+18,4.0559004e+18,3.906546163265304e+18,4.0274977066666655e+18,3.9727110701754383e+18,3.913448410714288e+18,3.9375737976878607e+18,3.812813471204188e+18
3.2328727085308047e+18,3.581416475e+18,3.724619919148936e+18,3.737183445414845e+18,3.805434344978168e+18,3.7957193425925934e+18,4.0484935140186926e+18,4.0280544698795167e+18,4.17786905e+18,4.1607451214953247e+18,4.1133713216783217e+18,4.0889172881355935e+18,4.16217146590909e+18,4.0881098922155694e+18,4.4385061410256415e+18,3.9613707045454546e+18,3.996749666666669e+18,4.0151890209790234e+18,4.123420446927376e+18,4.0605643513513503e+18,4.008048797619045e+18,4.0190519248554926e+18,4.0496216214689254e+18,3.9030898139534874e+18,3.5411364532710246e+18
3.563068593548387e+18,3.5927515314285706e+18,3.625815911764706e+18,3.7505443257142845e+18,3.8521568202247214e+18,3.8985572675159214e+18,4.1283551005025106e+18,4.206371140495869e+18,4.252306290178572e+18,4.282375507042252e+18,4.2299278518518497e+18,4.0788723021978e+18,4.29198836885246e+18,4.138844430939227e+18,4.1644226459627325e+18,4.125343945544555e+18,4.2185902527472527e+18,4.109931474418604e+18,3.9238531190476186e+18,4.02706388e+18,4.202782946281e+18,4.179828197916671e+18,3.9970433311036785e+18,3.772287373655913e+18,3.5284293868613166e+18
3.745646835714287e+18,3.634043602564103e+18,3.6776968273381274e+18,3.754869621428571e+18,3.697786116438356e+18,4.0388485094339615e+18,4.073064435643565e+18,4.079264132231404e+18,4.2099546737588654e+18,4.114086153005463e+18,4.2512173865030687e+18,4.329009413580247e+18,4.0942406099585014e+18,4.179873450704225e+18,4.236949888888888e+18,4.1025408325791857e+18,4.1484948839779026e+18,4.1468976234309617e+18,3.981314455938695e+18,4.1659550646766193e+18,4.206987753363231e+18,4.192142288732392e+18,4.042735088967973e+18,3.863748145015108e+18,3.5244160641562066e+18
3.4447822122641516e+18,3.5353922826086953e+18,3.84053185625e+18,3.838319812807884e+18,3.857091335294116e+18,3.9611137772020726e+18,4.169215061349696e+18,4.2534210526315807e+18,4.184694545977011e+18,4.261665704225351e+18,4.250826153153155e+18,4.271317780487805e+18,4.198462890547264e+18,4.1301050864197535e+18,4.130225284916204e+18,4.3160529909909914e+18,4.355416618421053e+18,4.1729973421052616e+18,4.230989908695652e+18,4.173999850467288e+18,4.166304616438357e+18,4.151820224390244e+18,4.044199584615384e+18,3.845636558823528e+18,3.5312286957264937e+18
3.6761571515151514e+18,3.535456740259739e+18,3.77373641919192e+18,3.708664613924052e+18,3.826804343283585e+18,3.8899486321839063e+18,3.99814813705584e+18,4.189041884146341e+18,4.295002429447853e+18,4.2402188325791857e+18,4.236539371900827e+18,4.124504174863387e+18,4.1330192896174874e+18,4.2399215531914906e+18,4.3296178846153846e+18,4.218582054794519e+18,3.994675834710743e+18,4.107261936363636e+18,4.118002470588237e+18,4.182547105555557e+18,4.139802238805971e+18,4.097863812977101e+18,3.935899984905661e+18,3.8527367507987226e+18,3.476697475694444e+18
3.4203707605633807e+18,3.6085590093896735e+18,3.697202007462686e+18,3.674979928571428e+18,3.895943115606936e+18,3.979041445255476e+18,4.07394685e+18,4.2387941928571433e+18,4.292667497267757e+18,4.147905632287e+18,4.27788755e+18,4.117407064676616e+18,4.21942829375e+18,4.076078344398343e+18,4.244962793721974e+18,4.2900208131868114e+18,4.1198477184873953e+18,4.1303376887755095e+18,4.067058289215687e+18,4.168341483471072e+18,4.1376319537366554e+18,4.1879236605166054e+18,4.037569046762588e+18,3.7074492514450847e+18,3.49223695565093e+18
3.6930629292929306e+18,3.632471693877551e+18,3.657923902985076e+18,3.6911880051546394e+18,3.853526141025641e+18,3.906128666666664e+18,4.0398389270073e+18,4.2486790198019814e+18,4.1218089009900995e+18,4.2726732222222234e+18,4.248420895522387e+18,4.2777740546448097e+18,4.2877509424460416e+18,4.113919428571429e+18,4.2853101928571407e+18,4.192670615e+18,4.1032494776119383e+18,4.0031625865921807e+18,4.240798173076925e+18,4.1305183232758646e+18,4.238541370370367e+18,4.166005967948716e+18,4.079066203921568e+18,3.865179091133e+18,3.50720319761499e+18
3.5941703045977006e+18,3.621931720812181e+18,3.712501948837212e+18,3.721310390410958e+18,3.9236461491228073e+18,3.942754449275361e+18,4.122600623853212e+18,4.239318527093596e+18,4.233825801104972e+18,4.274337888429757e+18,4.2775747922077937e+18,4.202432925925924e+18,4.19844424796748e+18,4.17341111875e+18,4.0943745882352906e+18,4.2530666381909576e+18,4.090416582089553e+18,4.26223503e+18,4.0710835777777777e+18,4.107889444444443e+18,4.1285701907216486e+18,4.1245001067415726e+18,3.902703348039216e+18,3.901132e+18,3.4729457e+18
3.64155513559322e+18,3.6873695720339e+18,3.6711421052631593e+18,3.6677250960451994e+18,3.8323495388601016e+18,3.851118273504272e+18,4.02600815e+18,4.211318061349692e+18,4.2415175792349706e+18,4.1887735027322414e+18,4.2117299929577446e+18,4.313963624309392e+18,4.1728110621118e+18,4.269783712230215e+18,4.4174130654205583e+18,4.10906107936508e+18,4.188033016666668e+18,4.130263473933648e+18,4.0590398246753265e+18,4.108597147982064e+18,4.086877176245215e+18,4.007130919117648e+18,4.005464377682404e+18,3.782493604938272e+18,3.4529365629921316e+18
3.627581464864866e+18,3.649287827814571e+18,3.640367497409327e+18,3.7820273962264136e+18,3.8251123503184696e+18,3.954537169811321e+18,4.053831445859871e+18,4.1714177014925373e+18,4.260442416216213e+18,4.254079985915493e+18,4.2798867591836733e+18,3.9776854662576696e+18,4.331079354679801e+18,4.090524323232321e+18,4.120173851648351e+18,4.1834048348214303e+18,4.212420674311928e+18,4.010408955e+18,4.084859056e+18,4.053384218253969e+18,4.224047579185519e+18,4.12366271875e+18,4.000224717299576e+18,3.933466326647568e+18,3.56242940345369e+18
3.5779488166666665e+18,3.6625504114285696e+18,3.7466083202247183e+18,3.8148134482758625e+18,3.832145812182743e+18,3.6914652777777766e+18,3.9669751288343567e+18,4.160551836477988e+18,4.18184207e+18,4.20301300625e+18,4.1714141125e+18,4.2512343785310735e+18,4.027586348066298e+18,4.070562900990101e+18,4.2609394318181786e+18,4.0996727607361966e+18,4.1377827872340424e+18,4.178222887029288e+18,4.014186165745856e+18,4.17155313125e+18,4.198796801980197e+18,4.147886082987553e+18,4.0089687649402394e+18,3.80424975e+18,3.506500974774774e+18
3.588878081761008e+18,3.60688501058201e+18,3.666153816091952e+18,3.76035399441341e+18,3.832749992753623e+18,3.939665209401707e+18,4.1065519629629635e+18,4.1552798360655734e+18,4.2309006256157614e+18,4.224235519607842e+18,4.2208769875e+18,4.245960688888889e+18,4.1898592167832166e+18,4.218737566210044e+18,4.266928276595744e+18,4.245896595628416e+18,4.049676195454547e+18,4.2227165125e+18,4.164874565e+18,4.20096235e+18,4.195664567567568e+18,4.153851131979695e+18,4.0466103501805066e+18,3.828057326984125e+18,3.452216846518988e+18
3.517145064516129e+18,3.5444564610778445e+18,3.69971770212766e+18,3.7162816704545454e+18,3.8061115454545454e+18,4.027069896551723e+18,4.0856545083798886e+18,4.1731047202797184e+18,4.232011049429659e+18,4.269798877300612e+18,4.0720277536945807e+18,4.2309500478723384e+18,4.0819082413793096e+18,4.325404137254902e+18,4.052935511013217e+18,3.985388971428572e+18,4.2138598904109583e+18,4.1225329382716063e+18,4.1031978009950234e+18,4.161165126086953e+18,4.085312040816327e+18,4.104850768595041e+18,4.004574763406946e+18,3.797434165745857e+18,3.5140436047244093e+18
3.6777983028571433e+18,3.63007022556391e+18,3.7144601818181816e+18,3.880323690647481e+18,3.843255255102037e+18,3.958454408759125e+18,4.075774785e+18,4.268321064516128e+18,4.1986920272108815e+18,4.25333767065868e+18,4.197817722826088e+18,3.9314469571428567e+18,3.982388651685392e+18,4.2835031988950287e+18,4.06234585945946e+18,4.128016038674032e+18,4.056022640909092e+18,4.163695109677419e+18,4.044042970149252e+18,3.9575912645739863e+18,4.14821366e+18,4.131756583969465e+18,4.046501976744185e+18,3.7358288679245266e+18,3.5583824832116767e+18
3.600481492462312e+18,3.569736172413792e+18,3.737096122448981e+18,3.7790353043478246e+18,3.9309576397058816e+18,3.951200544303796e+18,4.1327967446808494e+18,4.1981406879432617e+18,4.144892907514452e+18,4.030343747747749e+18,4.232333311475408e+18,4.171036067961165e+18,4.1191420416666655e+18,4.200348488584476e+18,4.0807938613861386e+18,4.105483193548389e+18,4.1149997661691546e+18,4.1386877578124974e+18,3.936367123376623e+18,4.207784e+18,4.15816425e+18,4.072680635869565e+18,3.9863359581395343e+18,3.8351976199262e+18,3.47431175e+18
3.5411157086092703e+18,3.5710080529801324e+18,3.7624729438775526e+18,3.7408660431034465e+18,3.9318320355329946e+18,3.984034708860759e+18,4.1107889691358013e+18,4.193882338308456e+18,4.243374232394365e+18,4.297659994505496e+18,4.2366424467005087e+18,4.057940055555556e+18,4.2056829875e+18,4.184559043165468e+18,4.229429186335405e+18,4.2127631111111086e+18,4.182345165745856e+18,4.219074443438911e+18,4.1540877363184087e+18,4.2708839889502735e+18,4.1974462153846154e+18,4.13262113861386e+18,4.0153905063694254e+18,3.7940020247677993e+18,3.480576821022726e+18
3.611690215384616e+18,3.509321274336283e+18,3.7182297385321103e+18,3.6949633135593216e+18,3.8490358367346954e+18,3.994869101010104e+18,4.1288118e+18,4.190261179104479e+18,4.272636339506173e+18,3.966055447204969e+18,4.2822734846938783e+18,4.1056950967741926e+18,4.0862707318435753e+18,4.1583627142857155e+18,4.194869694610775e+18,4.16590436e+18,4.151403570135745e+18,4.182805375e+18,4.132215847926268e+18,4.164240107883816e+18,4.1199835e+18,4.0759776146179384e+18,4.0024991645962726e+18,3.727250887538e+18,3.5167570485714304e+18
3.6573596632653056e+18,3.557484673684208e+18,3.7468570114285727e+18,3.76467811734694e+18,3.8720166280487793e+18,3.9341506130434806e+18,4.111387685082872e+18,4.161535985148514e+18,4.1566018508287293e+18,4.211428348039216e+18,4.280637109890109e+18,4.2983866894409943e+18,4.124004170212767e+18,4.086731656108598e+18,4.119652266666668e+18,4.10980595625e+18,4.1978772318181827e+18,4.0147749060773494e+18,4.13760981875e+18,3.9600663e+18,4.1676754136363674e+18,4.071777039800993e+18,4.01885944827586e+18,3.865957763754044e+18,3.502345020992367e+18
3.5089048453608253e+18,3.584691152866242e+18,3.6243996637931034e+18,3.813089177215189e+18,3.8625332905982904e+18,4.018637161616162e+18,4.093593576642335e+18,4.182504123456791e+18,4.0247264436619704e+18,4.261321801724136e+18,4.2261511372549023e+18,4.246741608695653e+18,4.2748752887323935e+18,4.1798643879310326e+18,4.176518537688442e+18,4.57085983e+18,4.0646790125e+18,4.129799127272727e+18,4.139714159509203e+18,3.9524182714285727e+18,4.14095375e+18,4.1587028235294095e+18,3.9625705930735913e+18,3.78729713106796e+18,3.5255424873786486e+18
3.524311816901408e+18,3.666658310344826e+18,3.5519252e+18,3.8082194751773056e+18,3.7920431193181834e+18,3.923950525821595e+18,4.114967609929081e+18,4.1921171089108936e+18,4.26896640883978e+18,4.2717154835164846e+18,4.128020632231403e+18,4.207437153846156e+18,4.142982776119404e+18,4.2331682642276393e+18,4.1514929e+18,4.0009945726141097e+18,4.157615239819e+18,4.163457078125e+18,4.138188676855891e+18,4.151471307984791e+18,4.2087414663677097e+18,4.134373475083058e+18,3.9425936145454536e+18,3.750899042895445e+18,3.4854849922958367e+18
3.406710922413794e+18,3.6515119936305736e+18,3.623889508571426e+18,3.7837642416666655e+18,3.8442260967741967e+18,4.0417272962962944e+18,4.0608106898395704e+18,4.1216565625e+18,4.190229794326242e+18,4.117124657777776e+18,4.2506309256198354e+18,4.38970535e+18,4.17829987777778e+18,4.231998525252524e+18,4.1538788655462175e+18,4.368895088888889e+18,4.3057972839506166e+18,4.220937534246575e+18,4.184888598173514e+18,4.10811285e+18,4.1229984454545454e+18,4.152022611538464e+18,4.02420067845659e+18,3.8066496104294497e+18,3.5452588957415537e+18
3.647654891752575e+18,3.689732695876289e+18,3.868259618705037e+18,3.8127971932773105e+18,3.8761289378531087e+18,4.033235649532708e+18,4.0917424802259886e+18,4.1977713191489377e+18,4.253137818181817e+18,4.2610307412587407e+18,4.186060013574659e+18,4.2391932950819656e+18,4.2465686335403694e+18,4.387806552529183e+18,4.0488914817073167e+18,4.138443393258424e+18,4.1434666926605455e+18,4.181622517985612e+18,4.0684141477832504e+18,4.156190087136932e+18,4.0643901229508234e+18,4.123347036036036e+18,4.0511576e+18,3.8172896434782577e+18,3.551412719038816e+18
3.4981280172413783e+18,3.6773845423728814e+18,3.663773286764705e+18,3.6713557070707087e+18,3.828664264705884e+18,3.9425917272727286e+18,4.1034202704918016e+18,4.212724178571429e+18,4.2066354752475233e+18,4.2314910349650335e+18,4.4025610892857134e+18,4.051094e+18,4.272494673758865e+18,4.305568622950818e+18,4.1011229848484864e+18,4.2275838416666655e+18,4.139865503597121e+18,4.129885977375565e+18,4.23531063125e+18,4.1577882142857134e+18,4.118726880434783e+18,4.136232205882352e+18,4.047791451882849e+18,3.85881321686747e+18,3.511469513409965e+18
3.591804606557377e+18,3.5049793861386143e+18,3.6968191369047613e+18,3.834197470238096e+18,3.7463522921348326e+18,4.0292825423728814e+18,3.9708345252525256e+18,4.227690851648352e+18,4.244855197183097e+18,4.294350699507389e+18,4.2544818732394383e+18,4.1846768956043935e+18,4.188558375e+18,4.1857115094339645e+18,4.1911764009009024e+18,4.071895385e+18,4.10789877987421e+18,4.2392258009950254e+18,4.206755045662103e+18,4.263610307692309e+18,4.18373046511628e+18,4.0673416509090913e+18,4.015458661184211e+18,3.75289524404762e+18,3.4722514767441925e+18
3.500392830985916e+18,3.53624871875e+18,3.655818012738852e+18,3.732056363636365e+18,3.761572514450867e+18,3.9007663163841766e+18,4.089774552511416e+18,4.180158054878049e+18,4.231353447154472e+18,4.287776316770189e+18,4.255721445544556e+18,4.250870452282156e+18,4.200290517482519e+18,4.192166686567165e+18,4.246696e+18,4.4117080621118e+18,3.9409692636815913e+18,4.16458524025974e+18,4.011021114130436e+18,4.148662285067876e+18,4.1613185592417085e+18,4.0573000257731927e+18,4.001021507299271e+18,3.8538964709897615e+18,3.5490294161849754e+18
3.796703928994082e+18,3.6315267391304335e+18,3.770376557971016e+18,3.873601375634519e+18,3.8218587032258074e+18,4.011998433121018e+18,4.097308303370786e+18,4.357713693181817e+18,4.226650646706588e+18,4.224102895604397e+18,4.250998446808511e+18,4.258701145e+18,4.195994363128495e+18,4.23418434710744e+18,4.186774345e+18,4.276377031446538e+18,4.076809484472051e+18,3.95147872e+18,4.0494823212669686e+18,4.0843040274725263e+18,4.126509455e+18,4.1372526441441454e+18,4.00266016929134e+18,3.9242056132596654e+18,3.53500388538682e+18
3.5412495808823537e+18,3.67244441401274e+18,3.690645267973857e+18,3.7942815142857134e+18,3.909692010101013e+18,3.8490240298507474e+18,4.124059043956042e+18,4.224686751381214e+18,4.2959516585365857e+18,4.20900424e+18,4.195407033057852e+18,4.274597509009012e+18,4.237966795348836e+18,3.9619636818181816e+18,4.2636435454545464e+18,3.9440816680497935e+18,4.265699022624431e+18,4.0556753835616415e+18,4.0862752579185526e+18,4.184742420792078e+18,4.2042149610894935e+18,4.130957801393727e+18,4.057073488215485e+18,3.78407345846154e+18,3.5379071246376765e+18
3.6374519025974047e+18,3.55224822631579e+18,3.639825023121387e+18,3.7984843932584274e+18,3.7879141836734705e+18,3.93025962755102e+18,4.023756007299268e+18,4.240921145833334e+18,4.234924529702968e+18,4.2309913901098895e+18,4.1791988028169006e+18,4.1277773728813537e+18,4.0675124113475174e+18,4.047972775e+18,4.2778775841584143e+18,4.10450495e+18,4.182890815e+18,4.097157463687151e+18,4.2100377871287137e+18,4.268237334951454e+18,4.123771669491528e+18,4.151716195121951e+18,4.029869498069497e+18,3.80920332e+18,3.505925448598131e+18
3.58026032e+18,3.5723072138728325e+18,3.6993427076923075e+18,3.7606872043795615e+18,3.872373995024875e+18,3.863853070270269e+18,4.189311816568048e+18,4.186767138121548e+18,4.25820881862745e+18,4.221588719780221e+18,4.262382700892857e+18,4.210393e+18,4.208359968181817e+18,4.1449887638190966e+18,4.2610411202531656e+18,3.985413172222222e+18,4.11772557e+18,4.146548683333331e+18,4.16554574e+18,4.125012291457284e+18,4.117759752475247e+18,4.1275027662835256e+18,3.8905928461538473e+18,3.733253270096461e+18,3.581732966244728e+18
3.7258737921348326e+18,3.6059640248447206e+18,3.822442120481928e+18,3.840306037735851e+18,3.783038578947368e+18,3.980494887850466e+18,4.152070088235296e+18,4.2309164821428577e+18,4.2205497e+18,4.25128974380165e+18,4.2584806740331505e+18,4.08720879375e+18,4.3094222543352607e+18,4.124094106508874e+18,4.1987418847926246e+18,4.3704880136986337e+18,3.982676718446599e+18,3.973658710900477e+18,4.1299674186046525e+18,4.160775600823044e+18,4.171132566666667e+18,4.12538575e+18,3.9547745671641774e+18,3.800531018018017e+18,3.5478714741379313e+18
3.550507950704225e+18,3.511961969465648e+18,3.713537025477709e+18,3.823971335714284e+18,3.8486583389830513e+18,4.025923020134228e+18,3.99754525e+18,4.212019057142858e+18,4.257596927272728e+18,4.257101007042253e+18,4.274570577235773e+18,4.216666e+18,4.152345022058824e+18,4.199075312101908e+18,4.188801402010048e+18,4.0707841134453775e+18,4.0042163266331674e+18,4.1887233266331663e+18,4.174026651376144e+18,4.229636063063064e+18,4.265282297188757e+18,4.162055644531248e+18,4.0442142310469304e+18,3.8464821733668326e+18,3.4018440368731556e+18
3.541468810457517e+18,3.631124194312795e+18,3.7786512088607606e+18,3.721431754189946e+18,3.82864134920635e+18,3.890192383458648e+18,4.0727802673267313e+18,4.1999099748743726e+18,4.21996741875e+18,4.2344074285714273e+18,4.2170358875e+18,4.208191214611874e+18,4.082594953974896e+18,4.0750114e+18,4.091735989898988e+18,4.0764206878980895e+18,4.044563631284916e+18,4.209750419087137e+18,4.155356242236024e+18,4.18706109929078e+18,4.146984493212669e+18,4.10181009195402e+18,4.034061453389832e+18,3.818574070247933e+18,3.476937376199613e+18
3.5002741666666655e+18,3.6006576666666685e+18,3.7607848934911263e+18,3.6629323566433567e+18,3.82770063276836e+18,4.0500955052631593e+18,3.9759613972602726e+18,4.185674851648354e+18,4.21053835359116e+18,4.1078917092198574e+18,4.131431565e+18,4.2612121914893614e+18,4.2198073591549286e+18,4.159495364864866e+18,4.116825153846154e+18,4.2190843e+18,4.09762054494382e+18,4.060473915966387e+18,4.13198345054945e+18,4.164158985148513e+18,4.1375264160305326e+18,4.1007950447761193e+18,4.006594579439253e+18,3.822216946107788e+18,3.551419333798879e+18
3.68421205732484e+18,3.774207072625698e+18,3.7762992605042017e+18,3.863334514767932e+18,3.9109743469387766e+18,3.9224262900432886e+18,4.1615147747252736e+18,4.163715933333336e+18,4.2664398530612224e+18,4.2769265e+18,4.137756071748878e+18,4.2258787044334966e+18,4.1736969725274726e+18,4.2563781977401103e+18,4.160973075e+18,4.0464427397260273e+18,3.9411197168949775e+18,3.8857008066298337e+18,4.1120423011583007e+18,4.130829354609927e+18,4.172464873626372e+18,4.145023949771693e+18,4.001525261818179e+18,3.93319381690141e+18,3.5327961785195955e+18
3.483078963235294e+18,3.503590762962963e+18,3.6555558814814817e+18,3.777588059322031e+18,3.947977587570621e+18,3.964990706896552e+18,4.166214291925464e+18,4.1411177446808494e+18,4.104619952380952e+18,4.146672833333329e+18,4.09165829787234e+18,4.2540825630252093e+18,4.179038424050634e+18,4.156326e+18,4.278940149068322e+18,4.1359481729729736e+18,4.192508213017752e+18,4.046035507537687e+18,4.0059464822335017e+18,4.13672446e+18,4.2481016828193833e+18,4.070902729957807e+18,3.9655195078125015e+18,3.793463150170645e+18,3.362935637480798e+18
3.603371770370369e+18,3.622446331578948e+18,3.679354529032257e+18,3.80122655e+18,3.7980257489361695e+18,3.8879278947368417e+18,4.14732311353712e+18,4.2197996666666655e+18,4.2409357394366177e+18,4.206185225e+18,4.239523901408452e+18,4.097445200913244e+18,4.0137588787878815e+18,4.1127037428571423e+18,4.241342215246637e+18,4.3261138282208584e+18,4.13195508695652e+18,4.1514121846153846e+18,4.22095745728643e+18,4.193497778571428e+18,4.14254765e+18,4.096681825622776e+18,3.9740695503875994e+18,3.8051102177419366e+18,3.5066619694244567e+18
3.49340140625e+18,3.5155351827957e+18,3.721119717391304e+18,3.7922414316546755e+18,3.7928173096774205e+18,3.9253152742857134e+18,4.1203377582417536e+18,4.067510911504427e+18,4.277895495192308e+18,4.1284613239436626e+18,4.256389527472528e+18,4.3167693631284895e+18,4.1286289746835425e+18,4.0060580684931497e+18,4.2287192805429857e+18,4.1163050607734815e+18,4.1127574791666703e+18,4.1065982893401016e+18,4.193864127853885e+18,4.1429128868778286e+18,4.1590512988505754e+18,4.051367162878788e+18,4.022473639871383e+18,3.938700793209877e+18,3.561272366515836e+18
3.6916900276497695e+18,3.7447500420168064e+18,3.725815062857144e+18,3.809469358490567e+18,3.937855806722687e+18,4.0050159261363615e+18,4.068006316239315e+18,4.213315747252748e+18,4.187167155913978e+18,4.046994602836878e+18,4.311738599009903e+18,4.18935875e+18,4.2129055283018895e+18,4.1550243206521754e+18,4.0336456125e+18,4.5653466192893394e+18,4.1514557414634153e+18,4.109052661111112e+18,4.0179169375e+18,4.2169434823529426e+18,4.10950134334764e+18,4.1654623568464737e+18,4.001197868589743e+18,3.8351364650537626e+18,3.5208456112852685e+18
3.46867725510204e+18,3.530597111111112e+18,3.7795700956521754e+18,3.7598637272727265e+18,3.931689305084746e+18,3.959781877551023e+18,4.143738775280896e+18,4.1957208723404257e+18,4.1296270707070694e+18,4.117287883977901e+18,4.0768401125e+18,4.1632269547738706e+18,4.2870078877005327e+18,4.0999300869565215e+18,4.082411018939396e+18,4.153491439490445e+18,4.1669864569536415e+18,4.0113339317269064e+18,4.1896589861111137e+18,4.0506911931034486e+18,4.103049312217192e+18,4.135962309417043e+18,4.024511251046026e+18,3.872500433333333e+18,3.420000105751391e+18
3.481856322274882e+18,3.498737611842107e+18,3.61542628358209e+18,3.7126730691244227e+18,3.728994577586207e+18,3.957603144444447e+18,4.1086330109890094e+18,4.183534338028168e+18,4.1751593333333335e+18,4.227146561151081e+18,4.2479759691357993e+18,4.1563175106382986e+18,3.98769775e+18,4.076871464516127e+18,3.9986818238993695e+18,4.047256603686635e+18,4.117606036496352e+18,4.137916798882682e+18,4.2377318699551585e+18,4.1965337583333315e+18,4.0710407734806615e+18,4.1368970403225825e+18,3.9811895927419366e+18,3.727447863753216e+18,3.487943382267437e+18
3.4915695e+18,3.505203322751323e+18,3.6579450894736855e+18,3.874518592e+18,3.875338521367524e+18,3.850740106666668e+18,4.1452278878923776e+18,4.197944154545453e+18,3.960772638036812e+18,4.2528961287878784e+18,4.17889269879518e+18,4.179850754166668e+18,4.28512183152174e+18,3.97513201724138e+18,3.97922265e+18,4.183597138121546e+18,4.070862834170856e+18,4.145646840637452e+18,4.0650741717171697e+18,4.120107679611651e+18,4.0663733360323886e+18,4.063886275e+18,3.922598681063123e+18,3.7921143168316826e+18,3.5280939971223014e+18
3.599686429629631e+18,3.6841424792626734e+18,3.7305364352331607e+18,3.848340292817681e+18,3.8483557641025623e+18,4.044358857142858e+18,4.029135601895736e+18,4.270007021978021e+18,4.2396436666666655e+18,4.185160477832512e+18,4.239250991666668e+18,4.261546090909087e+18,4.117940239726028e+18,4.0676331731843594e+18,4.127168425e+18,4.1066096540880497e+18,4.2465562158273377e+18,4.11071566875e+18,4.2935863490566006e+18,4.147215835497835e+18,4.091596183333335e+18,4.1100920177305006e+18,3.9789476880733937e+18,3.8517480282131697e+18,3.5511649173166956e+18
3.4608361988304087e+18,3.5041047789473674e+18,3.700343148571429e+18,3.855920025477708e+18,3.832995031914894e+18,4.143724717821783e+18,3.9429207105263165e+18,4.1889308895027615e+18,4.28094211409396e+18,3.932385011111111e+18,4.206767565714287e+18,4.150083366666668e+18,4.002988963235294e+18,4.171821700564972e+18,3.908985741666667e+18,4.105727045197739e+18,4.0453856163522e+18,4.012764440677966e+18,4.212686135678392e+18,4.157594024875621e+18,4.098477172131148e+18,4.1791324733727826e+18,4.100772219730941e+18,3.83647341433022e+18,3.441477545833334e+18
3.5297918322580644e+18,3.5150803040935654e+18,3.604470754838712e+18,3.7000612374100705e+18,3.761435933333335e+18,3.9012060729926994e+18,4.0489486e+18,4.2157517857142845e+18,4.2043259162561577e+18,4.219046994535521e+18,4.277469915422888e+18,4.1427961978022006e+18,4.154429662921348e+18,4.114324470046081e+18,3.96297266e+18,4.0771183654822313e+18,4.2134378067632814e+18,4.078894047210301e+18,4.155992384615384e+18,4.1481262272727265e+18,4.1273116963696384e+18,4.1146354605809126e+18,3.994773570397113e+18,3.802796022875813e+18,3.448449557610242e+18
3.540522411764705e+18,3.525754491228069e+18,3.612752583333335e+18,3.7834212569832417e+18,3.802061544041449e+18,3.942605094202901e+18,4.0684770909090903e+18,4.2353738292682906e+18,4.1468588347107446e+18,4.15501561881188e+18,4.1895503380281687e+18,4.1769037231638385e+18,4.1104005112359526e+18,4.00879572e+18,4.087381774193548e+18,3.9424259685863875e+18,4.006984837837837e+18,4.0139821965812e+18,4.1956946e+18,4.2669510528634353e+18,4.1433252323651425e+18,4.225641465201465e+18,4.00458695439739e+18,3.9337908526011535e+18,3.5398743078034647e+18
3.568978868995634e+18,3.6552652088607606e+18,3.722232363636364e+18,3.808079385e+18,3.904034766666669e+18,3.969334142857145e+18,4.107565111111112e+18,4.2408375506607913e+18,4.269162967213116e+18,3.902645460396039e+18,4.268979304932733e+18,4.1921630857142845e+18,4.1307072032085565e+18,4.1193519592760177e+18,4.1340486980198026e+18,4.0837887523364495e+18,4.114501005319148e+18,4.2840526727272735e+18,4.130549330508476e+18,4.0758866309523794e+18,4.2482659226190495e+18,4.127513662100456e+18,4.137772763888888e+18,3.7517918458498017e+18,3.4826581877550986e+18
3.435256356164383e+18,3.506037684210527e+18,3.6549762820512814e+18,3.8063576050955423e+18,3.7774543052631567e+18,4.0014220291970806e+18,4.142671991666664e+18,4.2085552673267343e+18,4.005669809917356e+18,4.045399717171719e+18,4.093379163120569e+18,4.087816970802921e+18,4.00620019375e+18,4.011316350364964e+18,4.2096294367088594e+18,3.9682128248175176e+18,4.1495410056179784e+18,4.2127685828571407e+18,4.110308355421684e+18,4.141812221428571e+18,4.151733655e+18,4.204131776699031e+18,3.967136758474574e+18,3.755582794676808e+18,3.505933250509168e+18
3.580134385185185e+18,3.5628636170212777e+18,3.644772540372669e+18,3.829381893081759e+18,3.760920186440677e+18,3.9942198879310326e+18,4.0664312878787866e+18,4.17736746961326e+18,4.238744410891092e+18,3.9482469e+18,4.1496615035461e+18,4.079099375e+18,4.003636282485872e+18,4.0145469615384607e+18,3.93688075e+18,4.089617540816324e+18,4.085620913705583e+18,4.196164099585064e+18,4.2832950663900426e+18,4.050628198347108e+18,4.157323514851484e+18,4.06339983524904e+18,4.0216500874524713e+18,3.8388550521472394e+18,3.428513179231859e+18
3.660574293193716e+18,3.623199948453608e+18,3.7046848914285686e+18,3.763261669724772e+18,3.7523275197368417e+18,3.917732842639592e+18,4.106966301507539e+18,4.144647e+18,4.1700457635468e+18,4.1328066e+18,4.2992965465116273e+18,4.168889532663316e+18,4.2907433734177234e+18,4.1728333459119473e+18,3.9732137921348337e+18,4.3350335345911936e+18,4.313791083333333e+18,4.1816993781094543e+18,4.083499013888886e+18,4.1160024946236544e+18,4.174568894444447e+18,4.153779942148759e+18,4.0529008814814833e+18,3.822832739549837e+18,3.4693328614864886e+18
3.493218409356724e+18,3.577301258373201e+18,3.737005616504855e+18,3.7738302375e+18,3.865354157360405e+18,3.8902055202312136e+18,4.0429146769230766e+18,4.2622918131868114e+18,4.2844822919254656e+18,4.142435421383647e+18,4.296642368715084e+18,4.221837033149172e+18,4.168932084269664e+18,4.240425022598871e+18,4.05752448e+18,4.068579821428572e+18,4.0133751140939617e+18,4.0402570748299325e+18,4.282686234636871e+18,4.138040536363641e+18,4.042978206611571e+18,4.235353235576924e+18,4.0560966859205806e+18,3.8483023615635185e+18,3.543834237942121e+18
3.6175680833333345e+18,3.5526425428571433e+18,3.6220117333333335e+18,3.735431142857142e+18,3.833546303703704e+18,4.0371383487179494e+18,3.998436813432836e+18,4.1878970666666655e+18,4.275530623595506e+18,4.279348803370788e+18,4.14993635e+18,4.1845480585106386e+18,3.962611798657718e+18,4.0222323520408166e+18,3.930765628930817e+18,4.0167290710659886e+18,4.109014255905512e+18,4.17383758685446e+18,4.157216653846156e+18,4.201937632478633e+18,4.067418460869565e+18,4.0985213472803343e+18,3.9358525719178086e+18,3.856299619186048e+18,3.5212594488078577e+18
3.581944020408164e+18,3.54058024347826e+18,3.666914e+18,3.7935523240223457e+18,3.724233484210527e+18,3.8630456567164175e+18,4.1176130803571425e+18,4.2140189859154934e+18,4.27379424390244e+18,4.2473847213930337e+18,4.220621844262296e+18,3.95994055625e+18,3.9191691594202926e+18,4.0197361011235953e+18,3.928069829896908e+18,4.0866557241379297e+18,4.1148702994350275e+18,4.00589159e+18,4.16238574033149e+18,4.1643777821782175e+18,4.1629526877076434e+18,4.106039645038171e+18,4.025039832116788e+18,3.817535473015872e+18,3.4192753978658545e+18
3.6027993145539896e+18,3.653420574193549e+18,3.6410574300518134e+18,3.7729670761421286e+18,3.7915779710982666e+18,3.935335988636364e+18,3.996574641025641e+18,4.1631461293532355e+18,4.2309005742574264e+18,4.1449404729064054e+18,4.1966256551724134e+18,4.0008574974874337e+18,4.186837806930692e+18,4.0046347283237e+18,4.0389132653061207e+18,4.2035961271186447e+18,3.8453165329949256e+18,4.3265753820754714e+18,4.032308783653845e+18,4.1732316590909087e+18,4.0574998125e+18,4.1582068011049697e+18,4.074257726890758e+18,3.906054227611938e+18,3.5087938073770486e+18
3.4744816230366495e+18,3.505067338345864e+18,3.582735298850576e+18,3.687465301724136e+18,3.75627604237288e+18,3.902724505747128e+18,4.2010906086956534e+18,4.2296020310559007e+18,4.183821361111112e+18,4.1971842677165373e+18,4.233689566666668e+18,4.139307245810056e+18,4.124098070063694e+18,4.046361930875577e+18,3.95343798089172e+18,4.090536982954547e+18,4.078317380710659e+18,4.2100382704402493e+18,4.0874902310924334e+18,4.147434878327e+18,4.1319128181818173e+18,4.1378836506024074e+18,4.078197942652329e+18,3.673073430635837e+18,3.48085541411043e+18
3.6273237422680417e+18,3.5642615606060595e+18,3.776994449541285e+18,3.708087117241378e+18,3.887661217142855e+18,3.8868210305343514e+18,4.146990807142858e+18,4.206748050505052e+18,4.2141587928571433e+18,4.19852630625e+18,4.1697246811594194e+18,4.0590713287037046e+18,3.984473426605504e+18,3.932725675e+18,4.074143944664032e+18,3.9786598280254776e+18,4.157366276381907e+18,4.1546150392857134e+18,4.142001347031963e+18,4.216382121546961e+18,4.2165935726141046e+18,4.111882049689441e+18,4.0164382681387935e+18,3.652783073333335e+18,3.526118276497697e+18
3.458762364238412e+18,3.563794383886258e+18,3.6696767806451615e+18,3.779194303030303e+18,3.901097488262912e+18,3.973654018404908e+18,4.11173450826446e+18,4.151117244755247e+18,4.174019407239821e+18,4.1438576134969303e+18,4.10531691011236e+18,4.09590822881356e+18,4.1739446666666655e+18,4.065154923809524e+18,3.930147369565218e+18,4.069744651898735e+18,4.164438989795916e+18,4.1753127127071805e+18,4.14610398453608e+18,4.1125241233480166e+18,4.1029758423236536e+18,4.111207776859504e+18,3.9641807711442806e+18,3.752945736507938e+18,3.4712131828153585e+18
3.590800189781023e+18,3.647615528301889e+18,3.80313868115942e+18,3.660348233160621e+18,3.774536574162681e+18,3.903158078125e+18,4.082735839416056e+18,4.118042546448088e+18,4.050651985714283e+18,4.075037545e+18,4.0676292372881347e+18,4.154426028089887e+18,4.1310065220588227e+18,4.2553359125e+18,4.063313574193548e+18,4.1839493693181793e+18,3.9910730740740726e+18,4.045699556179777e+18,4.1592727570621486e+18,4.066468325e+18,4.121886423076925e+18,4.134822457831324e+18,4.1135091606425697e+18,3.735099325878595e+18,3.4822888188854533e+18
3.407527921052631e+18,3.563370073619631e+18,3.565934409937887e+18,3.7635274608294953e+18,3.9182215063291136e+18,3.932548490476191e+18,4.1295001320754714e+18,4.1444481708333353e+18,4.158488206278028e+18,3.829916713414633e+18,4.1598683019801974e+18,4.2974081104972344e+18,4.023247475961537e+18,4.1324202857142897e+18,4.1757297238095273e+18,3.79766426e+18,4.2286059120879094e+18,4.173584942196532e+18,4.456082806306307e+18,4.165933096e+18,4.1572609260700375e+18,4.114718441860464e+18,3.891265892561983e+18,3.825473658263306e+18,3.429709420600859e+18
3.678509044776121e+18,3.641752333333333e+18,3.707003152046785e+18,3.755273930693068e+18,3.863677252577317e+18,3.890080468085108e+18,4.061823378205127e+18,4.1173393361344553e+18,4.132155147887323e+18,4.1517163571428567e+18,4.119116627118644e+18,4.17849086163522e+18,4.035789973544973e+18,4.003407541666667e+18,4.0819529415584415e+18,4.072365556818183e+18,4.0631906063829816e+18,4.1057159710144927e+18,4.200273543209876e+18,4.169597686813188e+18,4.123465987551869e+18,4.116058875e+18,3.9385192020547937e+18,3.6490296950354606e+18,3.4837433114754104e+18
3.428004908653847e+18,3.5003749840425533e+18,3.509846962566847e+18,3.752740785714288e+18,3.805302196078432e+18,3.934766594871794e+18,4.114001024875621e+18,4.137124126262629e+18,4.12242830222222e+18,4.1366926268656727e+18,4.060336164383564e+18,4.1582403202247183e+18,4.2112045822784814e+18,4.22772153508772e+18,4.156778054054056e+18,3.9515460622009585e+18,4.0709782590673567e+18,4.124703603773584e+18,4.146250292929293e+18,4.2042737567567544e+18,4.172095328828828e+18,4.0050178950276255e+18,3.933593533678753e+18,3.825016223529412e+18,3.4344754015151524e+18
3.500374100840336e+18,3.6447709558011054e+18,3.664951897959184e+18,3.764146683333331e+18,3.812894771428572e+18,3.875794938596492e+18,4.078022467661693e+18,4.046835354609928e+18,4.1686293928571423e+18,4.070001635e+18,4.138135298136647e+18,4.0864927159090934e+18,4.1546028090452255e+18,4.1856814038461537e+18,4.079915916666667e+18,4.0469447150259087e+18,4.209013146118721e+18,4.120665958715596e+18,4.0659206485355617e+18,4.0966370542986424e+18,4.113030325e+18,4.120972935114504e+18,4.0534336018808817e+18,3.9717618238805975e+18,3.4206526439393915e+18
3.48787523222749e+18,3.5661076967741926e+18,3.59588077922078e+18,3.787302847826088e+18,3.8812435579710126e+18,3.913428103703704e+18,4.109385846153848e+18,4.225515307692308e+18,4.195089125e+18,4.2090255000000046e+18,4.263653503546099e+18,3.982995218309858e+18,4.062236376e+18,4.080127885714287e+18,4.104290510416663e+18,4.0596279786324777e+18,3.996157426751592e+18,3.979880144796379e+18,4.1514088270042173e+18,4.1541163151750953e+18,4.1214769737991255e+18,4.1248895588235325e+18,4.0058714982817864e+18,3.818663202216064e+18,3.4100743981042616e+18
3.516152955752213e+18,3.59986302631579e+18,3.7110003383458647e+18,3.8100116704545454e+18,3.814800042553192e+18,3.934620404624277e+18,4.1577504901960786e+18,4.204760503546102e+18,4.2526968646616545e+18,3.8718437874015754e+18,4.2013361049723786e+18,4.1796800777777777e+18,4.0221853051948047e+18,4.0702777547169807e+18,4.1432078860103593e+18,4.100038569948188e+18,4.247605022222225e+18,4.2120492222222234e+18,3.930220409090912e+18,4.129317805e+18,4.1828373935185193e+18,4.097823024193546e+18,4.1023784014598543e+18,3.729625919298244e+18,3.521028039915965e+18
3.418432686274508e+18,3.429070371287127e+18,3.6627125092592584e+18,3.714200252173912e+18,3.8404667102803753e+18,3.89646546875e+18,3.9917242775119626e+18,4.189451751381217e+18,4.192044325e+18,4.099797975308641e+18,3.984454413793104e+18,4.1596471649484534e+18,4.0462183372781056e+18,4.0623801416666655e+18,4.028906916279071e+18,4.076826091463414e+18,4.027421469879518e+18,4.1345640253164554e+18,4.192406040609135e+18,4.106012813829788e+18,4.156127882352941e+18,4.114187223140493e+18,3.879626511194029e+18,3.733209003649632e+18,3.4056080061633326e+18
3.6218940066666655e+18,3.5860353376623386e+18,3.714750858064516e+18,3.709695434554975e+18,3.774916872832372e+18,3.9104846782178176e+18,4.087051619047619e+18,4.1266432760181e+18,4.024730839779e+18,4.0185455363128515e+18,4.176716917431192e+18,4.202454706214688e+18,4.0764836513761454e+18,4.101965289772729e+18,3.9613754034090906e+18,4.0813758717948713e+18,4.041566426136363e+18,4.0751050231481487e+18,4.165867e+18,4.075651171806167e+18,4.1615993591160207e+18,4.096478663677128e+18,3.95021243448276e+18,3.71764570704225e+18,3.422385770167428e+18
3.5067297843137244e+18,3.57607043023256e+18,3.5716641266666685e+18,3.6802755512820495e+18,3.822559544041452e+18,3.9326290719424456e+18,4.124856010152284e+18,4.266155107142856e+18,4.2154145e+18,4.2620774972375695e+18,4.1359421801242225e+18,4.198048858064513e+18,4.1413208461538447e+18,4.1398961079545457e+18,4.0867632954545454e+18,4.0890742026143805e+18,4.133843057971015e+18,4.1457742791878175e+18,4.14426818435754e+18,4.2125026e+18,4.16483176e+18,4.166690285123972e+18,4.0334808260869586e+18,3.7649227916666685e+18,3.4454927410714276e+18
3.458936804511278e+18,3.66317315037594e+18,3.747710014492756e+18,3.851983978417266e+18,3.7797077197452227e+18,3.894982035398231e+18,4.014843e+18,4.1899545465838495e+18,4.1550593714285737e+18,4.0353689483870986e+18,4.191106372881354e+18,4.008609091370557e+18,3.900506e+18,4.08442429054054e+18,3.922382517730496e+18,4.103893741935485e+18,4.051689885350319e+18,4.2035704928571423e+18,4.25118661875e+18,4.1444782209944776e+18,4.187768248447204e+18,4.191864433862436e+18,3.9635578253275095e+18,3.8075889786476846e+18,3.4846121908548675e+18
3.2949818538461553e+18,3.4475564594594606e+18,3.573391766666668e+18,3.695959104395601e+18,3.872248034482759e+18,3.9454435e+18,4.127711654320988e+18,4.2435994311111086e+18,3.960227803030304e+18,4.050039027322402e+18,4.1156378726114657e+18,4.15442836e+18,3.81768536627907e+18,4.058349725663716e+18,4.097127655172413e+18,4.1221641581395354e+18,4.1722967961783414e+18,4.2291395606694554e+18,4.1212993696498074e+18,4.1912060846560855e+18,4.079995542510121e+18,4.050075336134451e+18,3.973341212454216e+18,3.6432816194690294e+18,3.3946104014705884e+18
3.3529786239316244e+18,3.522849254545456e+18,3.7150346379310336e+18,3.721008798507463e+18,3.798029642045456e+18,3.9198392802547753e+18,4.024924535483872e+18,4.098251621118013e+18,4.05267029078014e+18,4.076997642458099e+18,4.1117464585987246e+18,4.0428232215189873e+18,4.083416727941176e+18,4.0301596217616584e+18,4.0966804171123e+18,4.0412077761194015e+18,4.2176926157407386e+18,4.1252342145748977e+18,4.012213707446808e+18,4.164731941964287e+18,4.1448152615384617e+18,4.1310021886121e+18,4.0168439276729574e+18,3.781923432258064e+18,3.4238881213517635e+18
3.470642444976077e+18,3.468237717105264e+18,3.592494044444444e+18,3.68667984864865e+18,3.812962465517241e+18,3.8905579468599055e+18,4.158475104972375e+18,4.237019786885242e+18,4.214177470852016e+18,4.1128108238636385e+18,4.1477976683673457e+18,4.154173545454549e+18,3.9972802528735657e+18,4.155091060869565e+18,4.20075332903226e+18,4.3157077241379313e+18,4.253768260869568e+18,4.041513901315789e+18,4.102383658291457e+18,4.19413664876033e+18,4.219560666666668e+18,4.141515390862943e+18,4.1167606033057833e+18,3.7466102140350894e+18,3.375826368070953e+18
3.4636412173913057e+18,3.522842525862066e+18,3.55778983e+18,3.770111626262626e+18,3.710695175675676e+18,3.888521628205128e+18,4.092353929577464e+18,4.116797285714288e+18,4.106957479591836e+18,4.1419706186440704e+18,4.112462479591836e+18,4.1233265576923075e+18,3.8851482869565215e+18,3.953536440298506e+18,4.061638232558141e+18,4.05259275e+18,4.1470631034482734e+18,4.256902355329951e+18,4.3140410206896553e+18,4.199320577464788e+18,4.131995883720927e+18,4.170914981818184e+18,3.961783331896552e+18,3.796408189655174e+18,3.355734747300219e+18
3.4401048684210514e+18,3.555604649122807e+18,3.619132276041667e+18,3.7074618228571433e+18,3.803537745098041e+18,3.9115605720524006e+18,4.1274963049645373e+18,4.19088637394958e+18,4.1817928910891105e+18,4.0656857203389834e+18,4.030196277310925e+18,4.226135132867133e+18,3.90936525136612e+18,3.9550571666666655e+18,3.995115610294116e+18,4.040371935622316e+18,4.0412769209302313e+18,4.151926358381503e+18,4.161250919831224e+18,4.076845408602149e+18,4.1319047683397693e+18,4.0127693039215703e+18,3.977930511029413e+18,3.7660401534090906e+18,3.3729258259541985e+18
3.3702559370629386e+18,3.491149542105266e+18,3.631050204678364e+18,3.682940578034681e+18,3.726307537234042e+18,4.017384757575756e+18,4.0331357302631567e+18,4.04075085e+18,4.051142621428572e+18,4.0334160240384573e+18,4.076348331034483e+18,4.189997591954024e+18,4.061700691176471e+18,4.296394403361343e+18,4.144391607476636e+18,4.159714627118644e+18,4.027153338235294e+18,4.2387335756302536e+18,4.2569108418604646e+18,4.220490856115108e+18,4.101550869346735e+18,4.164532710937499e+18,3.903777489711936e+18,3.771713561688314e+18,3.4571791868460406e+18
3.543383242990652e+18,3.395230205128206e+18,3.5465543772455086e+18,3.666469765625e+18,3.714319754385965e+18,3.888337115606935e+18,4.037903252577316e+18,4.1897833456790113e+18,4.125961841463416e+18,4.037141877419355e+18,4.165922896551728e+18,4.2547660796460175e+18,3.98608507079646e+18,4.1139961450777216e+18,4.143289847457628e+18,4.0120203701298734e+18,4.214045317708331e+18,4.116228629870132e+18,4.01792758152174e+18,4.157861744292236e+18,4.1970751963470336e+18,4.207897961956525e+18,4.053502392727275e+18,3.812011563758392e+18,3.387961387673955e+18
3.5220428125e+18,3.44762544859813e+18,3.5831338829787244e+18,3.8015912711864407e+18,3.719472523178809e+18,3.8342766344086016e+18,4.001982666666668e+18,4.1505587721518986e+18,4.1763318333333345e+18,4.178192974842768e+18,3.9682901913043487e+18,3.740908279411763e+18,3.832405953642384e+18,3.987882610687023e+18,3.9154909127516785e+18,4.18653684375e+18,3.817042747663549e+18,4.0813873502538045e+18,4.17850996875e+18,4.1648206428571433e+18,4.18942628e+18,4.1832613165829176e+18,3.9025584439461903e+18,3.643838882352941e+18,3.3858200887096786e+18
3.4051507130044846e+18,3.5169695333333325e+18,3.5133566e+18,3.6453280547945206e+18,3.7686082058823526e+18,3.887602229074893e+18,4.133778383333333e+18,4.2033503722222234e+18,4.125335077348066e+18,4.08690882481752e+18,4.2406985101010094e+18,4.118701318965516e+18,4.0720963263157914e+18,4.0560454597156413e+18,3.970283620253164e+18,4.118204830769232e+18,4.1061736e+18,4.155635086206899e+18,4.095324424657535e+18,4.082597509652512e+18,4.091765645739911e+18,4.132255962962964e+18,4.019055298969072e+18,3.711263508426968e+18,3.3525281297468334e+18
3.434926087248321e+18,3.4634743823529395e+18,3.5321095810810793e+18,3.6370928714285706e+18,3.730054218181817e+18,3.8424130231213855e+18,4.1203429343434337e+18,4.146561865921788e+18,4.00766632960894e+18,4.212356066666667e+18,4.075933311557787e+18,4.093594911627908e+18,4.0463338865979366e+18,4.1390165544041446e+18,4.077352603448276e+18,4.0849112071005937e+18,4.0125161088082913e+18,4.132737514450866e+18,4.1953181242937856e+18,4.10845739e+18,4.1405566916666655e+18,4.0374074518828457e+18,4.0366400954545454e+18,3.80398512e+18,3.390857501030924e+18
3.4906723219178066e+18,3.5274334023668644e+18,3.6001890322580654e+18,3.626578408045976e+18,3.6706089107142866e+18,3.908848606060605e+18,4.075394813559324e+18,4.170799028571428e+18,4.0508315032258074e+18,4.0939052083333345e+18,4.1949672374100705e+18,3.799385049295775e+18,4.010695589552239e+18,4.050848192982456e+18,4.1973572470588257e+18,4.226625926966288e+18,4.011571655913978e+18,4.286148295081963e+18,4.106620015873017e+18,4.1687098223350246e+18,4.098977762557077e+18,4.209659593625499e+18,3.957731747474745e+18,3.6434782923076895e+18,3.369307526058632e+18
3.42441480794702e+18,3.6205596521739136e+18,3.4992618660714286e+18,3.7266313787878794e+18,3.6835437602739743e+18,3.9574780895522406e+18,4.0574142375e+18,4.086675528301885e+18,4.113238795620439e+18,4.066664087628863e+18,4.1543774253731354e+18,3.9692232018779346e+18,3.920426123809522e+18,4.0310871e+18,4.114866251461989e+18,4.02710741964286e+18,4.1887502e+18,4.0590399851485143e+18,4.0907189141630863e+18,4.128210126262626e+18,4.151401715481171e+18,4.15169849e+18,3.92428907e+18,3.800197566563469e+18,3.2768179189627223e+18
3.34834853374233e+18,3.4192198863636367e+18,3.5287016508875745e+18,3.6656527135416673e+18,3.714278210526316e+18,3.937973782608697e+18,4.09127125e+18,4.1442376875e+18,4.1486432929936287e+18,4.085156197740109e+18,4.070033039215688e+18,3.979060758389262e+18,3.9168412992700713e+18,4.028166439153438e+18,4.1755153049645394e+18,4.017930742105264e+18,4.154402702564102e+18,4.146721731428572e+18,4.0657285257731937e+18,4.057302558139536e+18,4.087979806306305e+18,4.066648866972477e+18,3.974765424603176e+18,3.763465293040292e+18,3.344297280507127e+18
3.412360224242423e+18,3.33645986440678e+18,3.466871919254657e+18,3.5453358035714284e+18,3.672779885572139e+18,3.8592263742690074e+18,4.0973883e+18,4.1351720320512814e+18,4.1113210801687777e+18,4.0466985320512814e+18,4.0220666878612695e+18,4.1271525225806464e+18,4.06129642222222e+18,4.092707452127659e+18,4.0862516447368387e+18,4.022060720238093e+18,4.199724406698564e+18,3.9467568322981376e+18,4.061138291428572e+18,4.2451189469026514e+18,4.101570555084746e+18,4.2177104803921536e+18,3.914513954166664e+18,3.7900233766666655e+18,3.3993900971428547e+18
3.466010049751242e+18,3.3838321460674145e+18,3.498473028248588e+18,3.5860276787878784e+18,3.7077935572519096e+18,3.889093658653847e+18,4.1301067226277376e+18,4.189404796178344e+18,4.111540982857144e+18,4.131312032258068e+18,4.1110590514018657e+18,4.154647e+18,3.990135808743168e+18,4.1109938938775526e+18,4.0770764521739126e+18,4.109492041666668e+18,4.0624585467289697e+18,4.2384915093457935e+18,4.0318592380952376e+18,4.063744471204193e+18,3.943221738219896e+18,4.1298150711864407e+18,3.9928706909722255e+18,3.724515331460669e+18,3.297585092682925e+18
3.599066875e+18,3.6726619675675663e+18,3.5438296774193546e+18,3.6712719e+18,3.7111237256637143e+18,3.707252120967744e+18,3.9640572074074086e+18,4.195527790055248e+18,4.1590431666666655e+18,4.212307376811594e+18,4.122076216417912e+18,3.9623844e+18,3.8662209820359296e+18,4.0828798625954207e+18,3.9345690106382966e+18,3.935247958823528e+18,4.1270204727272735e+18,3.8639654835164846e+18,4.1712222565789466e+18,4.103456357843136e+18,3.927627301075268e+18,4.153309027027022e+18,3.980628557971015e+18,3.6993696460177034e+18,3.3273300757341573e+18
3.32094274125874e+18,3.406152550505048e+18,3.5264668627451e+18,3.6114311778846177e+18,3.6549059076086927e+18,3.913021655172413e+18,4.038443441025641e+18,4.2283448993710674e+18,4.0078858333333335e+18,4.160462923076925e+18,4.130804894736839e+18,3.94307056216216e+18,4.055877026666667e+18,3.9399673e+18,4.014655631578948e+18,3.958625963541668e+18,4.123628662280698e+18,4.018075898305085e+18,3.959235368983957e+18,3.827120679245282e+18,3.994017165413532e+18,3.960688118421052e+18,3.970915719626168e+18,3.681626939622644e+18,3.2952390550847447e+18
3.304492524691358e+18,3.43257027607362e+18,3.3719774936708874e+18,3.5590324266666655e+18,3.6268775270270254e+18,3.864169566666668e+18,3.9457719467455616e+18,4.1463290337078656e+18,4.1343238291139246e+18,4.13390550980392e+18,4.2087672262773714e+18,4.05482115503876e+18,3.952645189189188e+18,3.9668536616541353e+18,4.0134657023809546e+18,3.9771256456310656e+18,4.0112325530303017e+18,3.9413967461139907e+18,4.134284122881356e+18,4.083203578703704e+18,4.124707531400964e+18,3.992135403508772e+18,4.0048370330882365e+18,3.681224018461537e+18,3.3381485987654313e+18
3.4904009021739126e+18,3.482942044198895e+18,3.4926865479452047e+18,3.642775516556289e+18,3.7729377543859656e+18,3.8812659006622525e+18,4.0503061233766226e+18,4.2027946440677934e+18,4.147839169491523e+18,4.122952972093023e+18,4.0599076783625754e+18,4.034110636842106e+18,4.081224399038465e+18,3.890159766304347e+18,4.2203069633507866e+18,3.780988e+18,4.098883092511012e+18,3.943009367875648e+18,4.0985185805084744e+18,4.153799640553e+18,4.088860164556961e+18,4.138176127737228e+18,3.9600994403973494e+18,3.6958281915584384e+18,3.29451419269103e+18
