"","N1_Ori","N1_Fit","N2_Ori","N2_Fit","N3_Ori","N3_Fit","N4_Ori","N4_Fit","N5_Ori","N5_Fit","N6_Ori","N6_Fit","N7_Ori","N7_Fit"
"1",0,0,2,1.19412880235802,0,0,0,0.728396955170148,0,0.245072277549976,0,0,1,0.760525782282381
"2",1,1.05374117027798,0,0,0,0.297804428324619,0,1.13626598630742,0,0.369810899216997,0,0.170986574966695,1,0.814920555707632
"3",3,2.71872996741252,0,0,0,0.437718782948844,0,1.00146620190482,2,1.14904216739922,0,0.135037630339707,0,0.220673500621872
"4",0,0.578839903946229,1,0.869939470484706,1,0.573200289982888,0,0.13003724629841,0,0,1,0.166373568360016,0,0
"5",0,1.07693571490084,0,0,1,0.863553972249249,0,0.41785288205763,0,0.176146327976523,1,1.21777147184324,0,0.139604345395807
"6",1,0.52576504319747,1,1.29204539410555,0,0.251450372471771,1,0.0389250987859048,0,0,1,1.26248712112607,0,0.170949321926621
"7",1,2.99290709589915,0,0.500778701610822,2,1.90522337117073,0,0.386405666283031,0,0,0,0.476172414383467,0,0.553439166558591
"8",2,1.97216572687084,0,0.111038217004213,0,1.25041721522005,0,0.322206307309767,0,0,0,0.0373495816726412,1,0.737518097596947
"9",1,1.34700850148031,0,0,0,0.0448399976443628,0,0.829005233159738,0,0.139581526089427,1,0,0,0
"10",0,1.21895177226254,0,0,0,0.624207069221305,0,0.394807069918713,0,0.143476329712235,0,0.824572963590891,1,1.01990994337922
"11",2,3.25442429690818,0,0.0987699772198236,0,0.29777539352662,0,0.0866087842546888,0,0.274111488360329,0,0,1,0.495455163014961
"12",2,2.06741996226354,0,0.00974640132673544,2,1.62247125283484,0,0.0102533925950167,0,0.369086665196835,1,1.30274372424055,0,0
"13",2,0,0,0,0,0,0,0,0,0.107703173841475,0,0.282175597609193,0,0.462933867991745
"14",0,2.23132703803132,0,0,1,0.302425383382848,1,0.331259467975009,0,0.425164357101613,0,0.478231498098489,0,0.245051734303454
"15",2,0.584470170035056,0,0,0,0.0880348332108898,0,0.596277661770648,0,0.433903124195815,1,1.27312523101463,0,0.329793706957866
"16",1,1.86321121755338,0,0,0,0.253380072883257,0,0.073879681006177,0,0.067717089762056,0,0,0,0.503850069628827
"17",0,0.643442838845296,0,0.914178750109875,0,0,0,0,0,0.0986327847488029,0,0,0,0.219963727494158
"18",1,1.01204405177182,0,0.103536273425476,0,0.226025671872393,0,0,1,0.810871794218028,0,0.647598644899818,0,0.105450127068779
"19",1,0.369869098824701,0,0.208777233535504,0,0.14041161798134,0,0,0,0,0,0,0,0.37178097001498
"20",0,1.65641652861441,0,0,1,0.820356066012879,0,0,0,0.196033507083813,1,0,0,0.167632109921672
"21",0,1.38043953680487,0,0.139053343311503,1,0.920077043564729,0,0,1,1.29830618581525,1,1.10495608962425,0,0.255470962388405
"22",1,0.974554524042959,0,0.313714559358045,0,0.312983209882142,0,0,0,0.202755504985574,1,2.27968578050285,0,0.894955847383582
"23",0,0.806162782118974,0,0.0643104298828132,0,0,0,0,1,0.90628198415254,0,0.263610738161759,0,0.234409380866923
"24",1,1.32656338254875,0,0.143162369020006,0,0.0693243514175634,0,0,0,0.209378523939289,0,0.740793964958962,0,0.684439677531767
"25",0,0,0,0,0,0,0,0,0,0,0,0.36029984583102,0,0.0875866802933301
"26",2,0.286206083928376,0,0.451717568987984,0,0.175287063636749,0,0.304813414601983,0,0.325591832341045,0,0,0,0.165282658815291
"27",3,0,0,0.0226153991974278,0,0,0,0,0,0.2249367495994,0,0.456352602323823,0,0
"28",1,3.7826226110359,0,0,1,0.890780389622619,0,0,0,0.253273797960772,0,0,0,0.0964832688642352
"29",0,3.80862734244221,0,0.0078585306274067,0,0.0466694485626903,0,0,0,0,1,0.838408977842572,1,0.592294453488267
"30",0,0,0,0.350771798390489,0,0.474426700922932,0,0,0,0,1,0.52955689913711,0,0
"31",0,0,1,1.16699768823088,0,0.102729286506646,0,0,0,0.0946360822602644,1,0,3,2.84212711489302
"32",1,1.63807246759091,0,0.0793872557864916,1,1.11884819901271,0,0,1,0.984706016731428,0,0.153047524995052,0,0.883273348467901
"33",1,0.441132227231247,0,0,0,0.437822377000023,1,0.188994707935885,0,0.271957735405677,0,0.401326521314062,0,0
"34",2,3.72205768122404,0,0.130060097081995,1,0.740022330584206,0,0.0824161881374077,0,0,0,0,0,0
"35",0,0,0,0,0,0,0,0,0,0,0,0.271822869589781,0,0.740541494475796
"36",1,0,0,0.124393041200716,0,0,0,0.00186905613177716,0,0,0,0,0,0.0406483745197054
"37",0,2.61178135905951,0,0,0,0.123770207807519,0,0,0,0.216109336642549,0,0,1,0.671528539463486
"38",1,0.541561864237118,0,0.0233057630357968,0,0,0,0.231799260453566,0,0.309139972944256,0,0.450475911691753,0,0.0710125136191246
"39",0,0.547712039032621,0,0.580881154612227,0,0,0,0,0,0.156827551998645,0,0.432262504296384,0,0
"40",1,1.90253783027455,0,0.152837748480297,0,0,0,0,0,0.40365267171762,0,0.00377339804394793,0,0.29769403933427
"41",0,3.13630541210566,0,0.329671684161752,0,0,0,0,0,0,0,0.586142840222985,0,0.347569810851461
"42",1,0,0,0,0,0.0754224366836632,0,0.0787616786918012,0,0,1,0,0,0.191866121251522
"43",2,0,0,0.170082569257974,0,0,0,0.432265614902613,0,0,0,1.43551330712493,0,0.253091631258875
"44",0,0.807852514176802,0,0,0,0,1,0.199473623061094,0,0,0,0,0,0.031420738386036
"45",1,0,0,0.465165940496166,1,0.755365024429033,0,0.0211091696757354,0,0,0,0,0,0
"46",0,0,0,0,0,0.242080761260214,0,0.803727088827865,0,0,0,0,0,1.22537407507623
"47",0,0.510752162010433,0,0.399161266986111,0,0,0,0,0,0.264318241352104,0,0,0,0
"48",2,1.34058400471347,0,0.322246471162049,1,0.920286669424871,0,0,0,0,0,0,0,0.403892977984347
"49",0,0,1,0.761893516567975,0,0.384264500914174,0,0,0,0,0,0.228077698558863,0,0.37419486330929
"50",0,0.894314303335505,0,0.401606660653129,0,0.0870434294658519,0,0.519486272078999,0,0,0,1.09418518399246,1,0.844080082882282
"51",2,2.50283864976648,0,0,0,0.751936241884618,0,0.118004955613811,0,0,0,0.350491852278528,0,0
"52",2,2.24928998294157,0,0.310012475436694,0,0,0,0,0,0.349535436379176,0,0,0,0.200176643636992
"53",0,0.872620135463575,0,0.0658464816731922,0,0.546768581087132,0,0,0,0,0,0.930070166086042,0,0.170752408138186
"54",2,0.301550399401932,0,0,0,0,0,0,0,0,0,0,0,0
"55",1,0,0,0.574482554714282,0,0,0,0.178100783358045,0,0.219343719467616,1,0.775851776118421,0,0
"56",0,0.31191649764262,0,0,0,0.0461503627525005,0,0,0,0.488422175510824,0,0.304879529764888,0,0.135614116987401
"57",0,2.75488197246685,0,0.144953952021288,0,0,0,0,0,0,1,0.858735161609412,0,0
"58",0,0,0,0,0,0.2166910812587,0,0.238786715112257,0,0.192318822229059,0,0,0,0.12076206066822
"59",0,3.5936388237101,0,0.0744645488342785,0,0,0,0.257313617214121,0,0.201209017534499,0,0,0,0.90924110044688
"60",1,1.6673752441997,0,0,0,0,0,0,0,0.0803812358601158,1,0.987455987066497,0,0
"61",2,0,0,0.243334141466881,0,0.110870866747148,0,0,0,0.197081001930836,1,1.47463240730893,0,0.243174798527368
"62",0,0.592641899577415,0,0.578712799293713,0,0.317096837072249,0,0.210427559029052,0,0,0,0.0868182507884849,0,0
"63",0,0,0,0.151912900891834,1,0.533765741504314,0,0.443624757921733,0,0.0189205573385862,0,0.343147242853624,0,0.22453796317896
"64",2,1.89629235141874,0,0.308423190158258,0,0,0,0,1,1.2313718580646,0,0.240420129852123,0,0.166624320504313
"65",0,1.95009240363083,0,0,0,0,0,0,0,0.133697767602044,1,1.34711250184615,0,0.11680724930873
"66",0,0.999673145473962,0,0.0840941961988639,0,0.450913277846596,0,0,0,0,0,0.627439877256443,0,0.684059137088449
"67",1,1.81315566074249,0,0,0,0.13138640602535,0,0.493440279635203,0,0.207707528668749,0,0,0,0.297939670851033
"68",0,0,0,0.165692852174673,0,0,0,0.377535769841447,0,0.219137842004942,0,1.10015678084005,0,0.110548286682621
"69",0,1.99034730368224,0,0,0,0.312818011361432,0,0,0,0.313472414279988,0,0.368880628618214,0,0
"70",0,0.266876903889312,0,0.438932170530352,0,0.118317815304871,0,0.459553516656039,0,0.102902027715692,0,0,0,0.576704713380713
"71",1,1.35014506172354,0,0.306037928517067,0,0.627878626288548,0,0.698617654115206,0,0.0240345283920747,0,0.243653487211554,0,0.319608314936256
"72",0,2.34911052650031,0,0.0724253392399328,0,0,0,0.249103695083177,0,0,1,0.724702863513888,0,0
"73",0,0.8439721590135,1,0.594385901024191,1,0.822555685393546,0,0.29761699143638,0,0.391330901854541,1,0.346881404770017,0,0
"74",1,0.315786486656267,0,0.47571890760723,1,0.863837976315995,0,0.298231126279195,0,0.0015001862101562,0,1.20410778255373,1,1.46550230072493
"75",0,0.789351844579597,0,0.0981330436726389,0,0,1,0.780617991460443,0,0.247385049915128,0,0,0,0.535925409882397
"76",0,1.26738513056781,0,0.327569730974187,0,0,0,0.453472119175488,0,0.0908262413996813,0,0.615892640753793,0,0
"77",2,2.35107068948889,0,0.0866775663941291,1,1.24188533115708,0,1.05143791296595,0,0,0,0.318149438760133,0,0
"78",1,2.13826537684703,0,0,0,0.253182106657527,0,0.244634390023248,0,0.452779614653037,0,1.32874792303393,0,0.205049282762191
"79",1,2.46720101649963,1,0.65573489508805,0,0.37906023354629,0,0.745240662538809,0,0,0,0.647932673457802,0,0
"80",1,0.916019234106081,0,0.116208320508928,0,0.445265842052944,1,0.592879924051511,0,0.161214052102732,0,1.19012583025728,1,0.238097694263741
"81",0,1.4974930539217,0,0,0,0,0,0.494051253689755,0,0,1,0.946829987443331,0,0.100207840086832
"82",1,0,0,0,0,0,0,0.601785533004682,0,0.108746010884253,0,0.203387903696215,0,0
"83",0,1.01615514212017,0,0.233120310547536,0,0.329450435219477,1,0,0,0,2,0,0,0.0260673159425556
"84",0,0.214342317347761,0,0.0956214975387147,0,0,0,0.561897532830412,1,0.768600877561889,0,0.135082391434502,0,0.27207634340492
"85",0,1.67792660171357,0,0,0,0.19283968425941,0,0.895767676778786,0,0,0,0.534771566287083,0,0
"86",0,0.845666023866158,0,0,0,0,0,0.159776369525187,0,0.0456408683385033,0,1.24382552230578,0,0
"87",0,0,0,0.31973204769992,0,0.313743431344098,0,1.08073933339738,0,0,0,0.102026120627216,0,0
"88",0,0,0,0.210854371360558,0,0.260519914509497,0,1.14598689741321,0,0.40024455229429,0,0.0919231912812177,0,0.227395224786249
"89",0,1.0049203867503,0,0.216007952479419,0,0,0,0.515893139763614,0,0,0,0,0,0.221712438174522
"90",1,0.872224028258189,0,0,0,0.139782557866437,1,0.421579480892226,0,0.0162545177850833,0,0.378562337499058,0,0.0858637873964975
"91",0,0,0,0,0,0.0263365124387628,0,0.607391857218511,0,0.351597674250364,0,0.472567141271285,0,0
"92",1,1.40358884570618,0,0.331783725415789,0,0.234406259259947,0,0.0680711700883508,1,0.60149428448807,0,0.410252512166979,0,0
"93",0,1.0880247913367,0,0.099199750872199,0,0,0,0.000985345751801196,0,0.0675201683599657,0,0.661370142483801,0,0.107034363901966
"94",0,0,0,0,0,0.344004475849714,1,1.20265647709359,1,1.08684419038421,0,1.47818368538025,0,0
"95",1,0,0,0,0,0,0,0.0894868456048031,0,0,0,0.131110131688663,1,0.906207450914209
"96",0,0,0,0,0,0,0,0.164942698984956,0,0,0,1.6593310008444,0,0
"97",1,1.41184921056093,0,0,0,0,0,0.259273647804815,0,0,0,0.244251377919184,0,0
"98",2,3.02452416069254,0,0,0,0.230054446034186,0,0,0,0,0,0.940251811305604,0,0
"99",0,0,0,0.149626851411455,0,0,0,0.198497401485767,1,0.636464492125295,0,1.25170253518916,0,0.123546325222678
"100",1,0.205604474685585,0,0,0,0.136800345695966,0,0.145833417740044,1,0.763474253752223,0,0.162347631073289,0,0.503493454471376
"101",0,0.228532973442789,0,0.596676449767052,0,0.100332161393507,0,0,0,0,1,2.43286052828602,0,0.578464939768722
"102",0,0.926853827153716,0,0.534195161688696,0,0.362752273315972,0,0.499516041445749,0,0.00453533235472827,0,0.821676407867273,0,0.252949025874215
"103",0,0.0609644820238449,0,0,0,0.597078896735781,0,0.422457840714774,0,0,0,0,0,0
"104",0,0,0,0.386541322106799,0,0.45366842519447,0,0.5459862452116,1,0.4656094590152,0,1.27471564615496,0,0.636036784797588
"105",3,3.19938123661729,0,0.0306149197507385,0,0,1,0.265413544385515,0,0.458042588211477,0,0,0,0.139756870668477
"106",0,0,1,0.88671453903553,0,0.176728393641249,1,1.06540882945629,0,0.191469735829156,0,0.131082701865481,0,0.351230827370848
"107",0,0,0,0,0,0.289953999350154,0,0.248138361461779,1,1.18401080340852,0,0.540186011607735,0,0
"108",1,0,0,0.174558442335375,0,0.569865642908508,0,0.22262425089227,0,0.0142285055830452,0,0.377655525310178,1,1.12374700459041
"109",0,0.0836700538205255,0,0.535640164692457,0,0.279170055965743,0,0,0,0,0,0.580282578051069,0,0
"110",1,4.10775994174279,0,0,1,1.24070556271936,0,0.107198961554197,0,0.114685280847248,0,0,0,0
"111",0,0,0,0,0,0,0,0.875279395484445,0,0.229633503579644,0,0,0,0.0573001009166588
"112",0,1.95684420727848,0,0.124297036949002,1,1.28596401213519,0,0.982993395008009,0,0,0,0.659641139034591,0,0.283087314511538
"113",0,0,0,0.324167294922528,0,0.294577222197117,0,0.584588934046971,0,0.145359241298826,0,0.833444211011859,4,2.79905653162937
"114",0,0,0,0.0407135107030347,0,0.161894114361833,0,0.757623438465151,0,0.180451776834804,1,0.346109841385124,0,0.23142995059457
"115",0,0.352156302758481,0,0.388718672161296,0,0.459858228517623,0,0.516719943775468,0,0.240490316779537,1,0.359292801103388,0,0.109038355359634
"116",0,0,0,0,0,0.0438816132017961,1,1.10824747878222,0,0,0,0.637452864521775,0,0.137815955657843
"117",0,1.68097576713698,0,0.275868203242859,0,0.233692100376824,0,0.618395296723407,0,0,1,1.95365805206813,0,0.265398700650413
"118",1,0,0,0,2,1.28041518573024,0,1.06871718869442,0,0.557340049015033,0,0.998378855779363,1,0.808221409170071
"119",1,2.08424674300184,1,0.784840481744098,0,0,0,1.74531267035894,0,0.0487340021290644,0,0.738275470910422,1,0.900484614019506
"120",0,2.47680979968393,0,0.0914615221365443,1,1.31654857622599,0,1.45550945439507,0,0.150545199543203,1,0.0240498636909322,0,0.183734874935686
"121",3,2.39727337579977,0,0.499532693694671,0,0.499495753406226,0,0.737138771251089,0,0,0,0.826864028910543,0,0.289737906072535
"122",1,1.5877951719089,1,0.8345498224241,1,0.936445366983248,0,1.17238255238156,0,0.0304685461400781,0,0,0,0.556636194639089
"123",2,2.37705429949375,0,0,0,0.449985141106928,0,1.87149559177081,0,0.106561018768942,1,0.364851009978785,0,0.620254277297825
"124",1,0,0,0.396678530419678,0,0,0,0.997537649943309,0,0,0,0,0,0.605550271877272
"125",1,2.61648444392056,0,0.278215150230384,2,2.16997766117224,0,0.724624121528709,1,1.00036520656439,1,1.42327166078152,1,1.37557780841057
"126",0,0,0,0,0,0.0330620510574269,0,1.12681633288422,0,0.267180973765385,1,0.849970247547917,0,0
"127",2,1.38265230081423,0,0.310348965946659,0,0.00557000199046037,0,0.623428633913899,0,0,0,1.25312632337919,0,0.514328899043555
"128",1,1.72686991766925,1,0.841538640309647,0,0,0,0.992162341064288,0,0.244513567165822,0,1.16526791536275,0,0.539006604166722
"129",1,0,0,0,0,0.0608683614659993,0,1.71074245708117,1,0.600703976517735,0,1.33614298937445,0,0.40263181095557
"130",0,0.376297279853952,0,0.199939584568287,0,0.481179154715761,0,1.22426864558107,0,0,0,0.786160579588049,0,0.32449029906633
"131",1,0.346633347281967,0,0.279784948704778,0,0.122665914455795,0,1.25706352694498,1,0.549380269714026,0,1.22231172588454,0,1.05869681257294
"132",1,0.918488355526073,1,1.15208156006327,0,0,0,1.27254311324959,0,0.799058393739856,0,0.0111769282071883,0,0
"133",0,0.824609990220421,0,0.306228106003637,0,0.260093764597887,0,1.04663873856493,0,0.290606724313301,2,1.54842796104168,0,0
"134",0,0.627365386813726,0,0.152944609650678,0,0,0,0.323029582607168,0,0,1,1.11088092351696,1,0.615683847390266
"135",2,0.323520886887693,0,0,1,1.31416916584644,1,1.68872562809502,0,0.179715086334758,0,0.577309420744022,0,0.118841483860293
"136",2,0,0,0.329456004036827,0,0.540761426109825,2,1.75571177968156,0,0,1,0.94995407376099,0,0.152536143284841
"137",0,3.65261582656906,0,0.557655446067759,1,1.21444879028235,0,0.796480420852508,0,0,2,1.44168894624838,0,0.153708712701625
"138",1,2.49996907818045,0,0.0305646032689093,0,0.293899479225908,1,0.740173240713424,0,0,0,0.368541751716011,0,0.0362733424921881
"139",2,1.97159746709019,0,0.373525897444844,0,0,1,1.05763046716575,0,0,0,1.3603901717353,0,0
"140",2,2.08494490573252,1,0.445903571108716,0,0.605789882282905,0,0.860056536982399,0,0.0879734778237224,0,0,0,0.1630120803599
"141",7,2.23086450382724,0,0.466103683430544,0,0,0,1.13785708147222,0,0.0510650859032692,0,0.119743307178792,0,0
"142",2,2.70330269593292,0,0,0,0,1,0.798138126178269,0,0.490231517081505,0,0.598641086041472,0,0.138923870681277
"143",0,4.13290657507646,0,0.00807244440401433,2,0.862369463578699,0,1.11458521119414,0,0.0109010083750295,0,0,0,0
"144",2,3.03064593519326,0,0,0,0.351997810420547,1,0.818310968328315,0,0,0,1.0939205629352,0,0.204056538143497
"145",1,4.21047271605983,0,0.146949928271911,0,0.00126472400666577,0,1.16380270171185,0,0,1,1.17817446727172,0,0.259998577214916
"146",4,1.95860456201713,0,0.266413087251256,0,0,1,0.959606551179067,0,0,1,0.980199881903787,0,0
"147",2,2.6541104852654,0,0.256474328867234,0,0,2,1.71605317979015,0,0.118630840857014,0,0,0,0
"148",6,4.78091271337927,0,0.198013953081102,1,0.917793260054268,1,1.86529219997024,0,0,1,0,0,0
"149",4,4.42076677376842,0,0,0,0.0472850246833044,2,1.38997635120857,1,1.08199560656782,0,1.20113847922468,0,0
"150",3,3.49133295373281,3,2.78984474711955,1,1.2924029474642,0,1.1129631952402,0,0,1,1.4007074230579,0,0
"151",4,3.1196116469819,0,0.164274373329214,0,0.452648665192509,0,1.2514121250966,0,0,1,1.41937958765242,0,0
"152",4,3.34563038904457,2,2.13148412537456,1,1.18021534619574,1,1.5010144180301,1,0.277846841466837,0,0.389645266612747,0,0.582863342241152
"153",6,7.12025785534181,0,0.0427846429596109,0,0.119093858585401,1,1.91143545774759,0,0.0448776783927547,1,1.37975038872357,0,0.0664781666383941
"154",5,4.37314010444467,0,0.350707552635385,1,1.28368019126469,0,1.2643348346255,0,0.495104105185245,0,0.415992373901318,0,0
"155",2,3.71480702094518,0,0.286531653752549,0,0,1,1.44068941131462,0,0.0752132875646994,0,1.21282970738571,0,0
"156",6,8.70034802690801,0,0.105039113343249,0,0.282417055133407,1,1.25778948883407,0,0,0,1.37677957216502,0,0
"157",1,2.01870595955162,1,0.97525445223565,2,1.81482446468398,2,1.28817493283438,0,0,1,1.38085233609331,1,0.289607417380547
"158",1,6.50168520264024,0,0,0,0.180705431119593,0,1.77500314762921,0,0,0,0.892427035052467,0,0.048301169421621
"159",8,7.02531323941382,0,0.0752276425816421,0,0.143826599790022,0,1.54864699998878,0,0.390268061580316,0,0.997313156813535,0,0.0900563726955656
"160",8,7.64583502406156,0,0.0645507279117215,1,0.892776460436213,0,1.83279026209139,0,0.355000169618831,1,1.00525251929319,0,0.298159645178468
"161",4,8.32197829771732,2,1.43338299306784,2,1.17522108469322,1,1.85945352675931,1,0.587506702787884,0,0,0,0
"162",4,6.01404580408513,0,0,0,0.360880289547415,2,1.43705871465999,0,0.632014567894342,0,0.556854538368911,1,0.776007644064379
"163",8,8.85700691720055,2,1.97284672705856,1,1.42448583191451,1,1.3141273167642,0,0.0878652942698076,0,0.898914901228606,0,0.0860931057836588
"164",5,5.5414825655364,0,0,0,0.49655023785505,1,2.28087819283341,0,0.0849112561261761,1,2.26362759315175,2,1.76850629199999
"165",9,8.20469962554185,2,1.99750686393129,0,0,2,2.19298945353045,0,0,1,0.617358918103312,0,0.453690193320661
"166",10,7.39982839821808,0,0.000538080376418816,0,0.191999948903073,1,1.280328454815,0,0.310670001191262,1,0.964456526032316,1,0.552794183352211
"167",10,9.16769478505415,0,0,0,0,1,1.85125288490361,0,0.00680191516300167,1,2.03356427370947,0,0.0619471156876307
"168",11,8.56639434390756,1,0.758248832744,1,0.863021510497555,1,1.85519428220634,0,0,1,1.05025078706157,0,0.91405852237227
"169",3,5.51937005155227,1,0.701757870499647,0,0.421585598913046,3,0.642324116219511,0,0.157443188252229,1,1.39939075871626,1,1.23518220223641
"170",12,8.12483264306764,3,2.42096565983159,0,0,0,1.99146560375827,0,0.275994220768685,2,1.85336633015281,1,0.94291102377393
"171",10,9.12459517539564,1,0.743748526609156,0,0.21641557842411,2,1.57854217649952,0,0.17602844814396,2,1.24153405662143,0,0.578222468181102
"172",8,7.27127861480989,0,0.0926218971579293,0,0,3,1.17960384315403,0,0.0411306136322558,0,1.48726085079558,0,0.853739545033402
"173",13,7.56110783128106,1,1.06248561469119,2,1.76403252053698,3,1.29555359525864,0,0.032578697669883,2,2.0595511221796,0,0
"174",16,8.93801341132679,1,0.773156436200696,0,0.00604571966747782,1,1.93417005240377,0,0,0,0.836257709955346,1,0.928670312082881
"175",16,9.51182907620695,0,0.255775838939346,1,1.08753106612077,1,1.54926459104668,1,0.883509941897331,0,0.424770495267872,0,0
"176",5,6.52297705530141,0,0.277257482198009,0,0.510806394218424,3,1.77958376500886,0,0.517661891368146,1,0.678551656415451,0,0.252361924228042
"177",5,4.35448792520751,1,1.27443481525136,1,1.36947632819454,1,2.16565957203694,1,0.684176518870835,2,1.82081760326469,0,0
"178",9,12.0737255997809,0,0.112617594229744,0,0,0,1.53586555120605,0,0.251816654531141,0,1.34578861005851,0,0
"179",9,9.03052207962223,3,2.15902069380785,1,0.400416402856156,3,1.39437881914582,2,1.47431439096644,1,0,1,0.73083766898358
"180",12,8.8114901063451,0,0.0408846395408279,0,0.652231034348686,2,2.21948684795513,0,0,1,1.20793929150764,0,0.134257795326504
"181",10,10.3970362443359,2,1.64565413765843,0,0,2,1.52689424744768,1,0.748032464841885,1,1.31572023155536,0,0.0670991103759764
"182",7,7.18431984540011,0,0.702255069391676,2,2.08477256601168,0,1.98230757201038,0,0,2,0.781493722669771,0,0
"183",10,10.0234664358795,2,1.54610778300701,2,1.46769532571066,3,1.65541794777517,0,0.294085034752335,0,1.45506907597223,1,0.573984731311922
"184",11,9.32047404204434,0,0,1,0.490000318008276,6,2.28034876156703,0,0,4,3.69544120939044,0,0.234127733581815
"185",11,11.9445102260548,2,1.66559388379279,0,0.0448938261447782,1,1.64789428848064,1,0.774332426049137,1,0,0,0.248571162394644
"186",6,9.10675268097361,0,0.14605199469679,0,0.551457179293795,1,1.26337874811733,0,0.474841873855266,0,0,0,0
"187",17,11.6125264053861,1,1.03556605282839,3,2.75909849553656,3,2.24137911319953,1,0.821453586119888,1,1.61151006150148,0,0
"188",12,10.9697725255583,1,0.779795578962806,3,3.09428402550604,1,1.8924561703364,0,0,2,1.45167515723744,0,0
"189",7,5.519191529292,2,1.95572465167832,2,1.06224087407195,1,1.65056198174126,2,1.29237894111284,3,1.05999993948601,0,0.229766873844691
"190",6,5.85089799501678,2,1.46210146554352,0,0.154962480044976,4,2.10395168054187,0,0.271288287292681,1,0.823163112867875,2,2.28118218807589
"191",14,16.6773111927034,0,0,1,1.07263835099187,3,2.47084234057683,0,0,0,0.992873416136835,1,1.0673450994565
"192",9,9.24790923602706,2,1.32104976631077,1,0.532487942377351,4,2.94584719400377,0,0.477028982548228,1,2.59231517443398,1,1.46644752561787
"193",13,9.82421165931319,0,0.548750663532092,2,1.27847955812574,4,2.66873904553735,0,0,0,0,0,0.163905661806792
"194",11,8.76021470530004,1,1.13099244846442,0,0,2,2.72622299159737,0,0.0571833767675469,1,0.839894668608887,2,1.76888274431301
"195",12,8.28403424525486,0,0.165325805195434,0,0.288015128513471,1,1.85528773572641,0,0,3,3.27619141819281,0,0.0475600985623987
"196",8,6.7641386464675,0,0,4,3.17163058351017,1,2.60011172490284,0,0.442859895462851,2,1.31382587997209,1,1.26846320555103
"197",16,11.030153804155,4,3.32257858346482,3,2.98687123151768,6,2.82278440987215,1,0.534171649932678,1,0.48003080299796,2,1.77855998818533
"198",15,10.6516452377977,0,0.229525577712248,0,0,3,1.85111322319439,2,1.31832218391827,0,1.16533822483107,1,1.45522161853398
"199",9,7.33169519786451,2,1.78584719250642,1,1.59266659528791,3,3.20844429701513,0,0.0424450189497215,1,1.27968724309393,0,0.686831716479724
"200",15,10.7960590804974,1,0.818237992620495,0,0.513048433678452,2,2.70999565921189,0,0,2,1.45937892715085,2,1.75226179835533
"201",10,7.29720628850961,0,0.233193626724036,0,0.300143957477742,4,2.5330969485441,0,0.131275540748499,0,1.58615720095494,3,2.40375960136771
"202",8,8.62416919055998,1,1.57226352699811,1,1.08371647392367,3,2.52164133047621,0,0.193403801804139,3,2.05700593693266,1,1.23186071377464
"203",12,11.3346809224774,1,0.853554672956216,1,1.06482887978362,6,2.55169763973013,0,0.171510085542951,2,1.62459046344261,1,1.08712986090018
"204",6,8.89457185314381,1,0.945174589241131,1,1.13841436788285,8,2.7667680771031,0,0.153308893785925,0,1.79737161507063,1,0.232018594587088
"205",11,9.09510861803487,1,1.51579968060381,1,0.746030036736576,3,2.7456453212983,1,0.0346161640203893,2,2.89211954816753,1,1.1900513343525
"206",10,5.76701248490999,3,2.5320810267425,2,2.09282031106835,2,2.65260997812708,0,0.235173926384326,2,1.85556821887484,2,1.51852210883507
"207",11,12.6866449764676,1,0.720931840662679,1,0.784732138221806,7,1.98364471855398,0,0,2,2.03154419965154,0,0.00744747502880511
"208",11,7.62921189231527,1,1.11110885722447,0,0,3,2.8857399944059,0,0.210877939569225,2,1.68241801999679,0,0.126683253363642
"209",13,9.13798969262001,2,1.49015081474427,1,1.14041899890641,7,4.1864639368288,1,0.734005546616289,7,2.88102173015925,0,0.121925819856128
"210",15,11.7170713938174,1,0.601253772890997,2,2.66049387253827,3,2.34126785303119,1,0.552857841625187,1,1.51468886149323,1,0.866099290575299
"211",9,5.1525531486333,1,1.04101947083605,1,0.809187645991224,1,2.65064404386081,1,1.01714608501289,0,0.899541147535003,3,2.8458620936375
"212",9,12.3683812436624,3,2.4204164347251,1,1.28287964519694,4,2.03885381390855,0,0,1,1.05319826254246,0,0.123891423655964
"213",15,9.46431104951271,0,0.152339738366879,2,1.58117682857744,4,2.09876219024492,1,0.896711117755239,2,0.836161833211503,0,0
"214",11,7.68542773816168,0,0.187862411489419,3,2.89990899416816,2,1.76276522957434,1,0.766164528886718,1,0.188787541091466,1,1.30118333713941
"215",7,10.8358000241398,1,1.04362278663323,3,1.89146370539774,4,2.13415582527852,0,0.883475290013103,1,0.970809236230003,5,3.70500985722084
"216",5,9.43821755913238,0,0.269872790149513,1,1.53503313103932,3,2.98111305836125,1,1.14458495036844,6,2.97581865550168,1,0.968344381161365
"217",11,10.6695750643623,0,0.0749128630723144,1,1.51740101209578,4,2.13815567761915,0,0.306970329711426,1,1.32549299586888,1,1.34217307234383
"218",6,7.55065099003163,0,0.217792857310231,3,2.58515731877619,4,2.03803429398587,1,0.414832687613035,3,1.44984937711315,1,1.02542003522136
"219",8,6.42786759383829,0,0.451470815549781,1,1.04870988816424,1,2.09323467860034,1,1.18404286968062,1,1.3329995275893,1,1.43797714565693
"220",8,7.59269891658281,1,0.535033938049637,1,1.27984570083851,2,1.53420829932664,0,0,3,2.15248924767992,2,1.59081806167548
"221",5,8.11510419969356,2,0.793300468477901,1,0.779805638185739,4,2.74229585138966,0,0.0669484591427683,1,2.20234894294627,1,0.757106377833427
"222",13,6.07379327343327,0,0,2,2.31681769634307,1,2.4930356642189,3,1.55356598009564,2,1.01483583341327,2,1.47984358105217
"223",6,7.95074614055854,1,0.774705606807879,0,0,3,2.22880328781926,0,0,1,1.88702094261074,1,1.04812483296845
"224",10,12.3224230058288,1,0.78926801021545,1,1.1116389942382,0,1.05467263809244,0,0.339480309911982,2,1.46953641374399,0,0.350321708745579
"225",2,4.45130587420104,0,0.20527506024861,2,1.76624150823502,5,2.41355877595736,2,1.06015344277108,2,1.96077362505415,0,0.124074496449296
"226",10,6.36805366880767,2,1.42603043445314,1,1.46247794605293,3,3.21903758017317,0,0.0119752306143929,2,2.23633409986642,0,0
"227",11,9.80262137046099,1,0.384633209003707,0,0.216686665635289,3,1.82949608549226,0,0.304732354533819,3,2.23478067927773,0,0.554804105789063
"228",9,4.73656643216657,0,0,1,0.719566094506302,5,2.67956116677033,1,0.402370973148338,1,0.490482270551996,1,1.34923891081737
"229",8,12.719584645717,1,0.909377437517802,1,1.08095317657034,1,1.62231066841198,0,0.31969605550798,3,2.36300553632899,0,0.638958243462602
"230",6,8.90360917582931,0,0.238409077220756,3,3.02568942253759,1,0.968563821038902,0,0.0246272432947752,1,0.264584014520722,1,0.782008057710245
"231",8,5.31762153319908,0,0.0724564182206574,2,1.95946812343415,3,1.74393952003804,1,0.884042714094047,1,1.69457231201737,1,1.22904316619631
"232",8,6.85999618978688,0,0.101429408387492,1,0.702093792847362,2,2.14737928935884,0,0.517642587346914,2,1.31614024250363,0,0.0849068428830799
"233",10,7.53244726498106,1,1.31929875791424,1,1.36135623554805,0,2.67963518625399,1,1.27884084546787,3,2.29323376515714,1,1.43527749663559
"234",6,6.29974031453633,0,0,0,0.018814840435519,3,2.40355333893611,0,0.154420675881607,1,0.838854574737763,0,0.378722850918143
"235",10,8.11760498496424,0,0,0,0.84794459030017,3,2.7256373699033,0,0,2,3.25070631348084,1,1.09793803926989
"236",9,10.2869442311203,0,0.212699020829907,4,3.54633921311976,4,1.62045966321409,0,0.111100918775884,0,0.968314908673197,0,0.892920239035038
"237",9,7.32498138954971,1,0.835531048972176,1,0.0236059132111337,0,1.33437616009627,0,0.364571981275249,2,0.878476107838405,2,1.75309842623971
"238",12,5.301165944507,1,1.04756615743856,1,1.35734836476904,3,2.92063303927998,1,0.781095798486745,2,1.98676334228967,0,0.380358156366563
"239",11,8.85469338869504,0,0,0,0.345781854625922,1,2.23761673440509,0,0.0932518617633684,0,0.527498673119205,0,0
"240",6,6.95703165069975,0,0.334831423020037,0,0,3,2.893931970938,1,0.904719843328763,1,1.97931185021009,0,0.0743467686275792
"241",4,9.14568219604138,1,1.17022380426046,1,0.637826805755281,3,1.6090705984571,0,0,2,2.55070068499072,0,0
"242",12,10.1318459848848,0,0,2,2.16849806571782,0,1.42058897128925,0,0.371231957020846,1,0.998250795711719,0,0.249098480292582
"243",8,6.38417114267816,0,0.616406444407667,2,1.27375679589647,2,2.28636733148524,0,0.0306112997432929,1,1.89707477707842,1,0.598766493617851
"244",5,5.3195168095487,0,0.225546412286128,0,0.347505151182488,1,2.45454418360828,0,0.29198461317436,3,2.26267984661284,1,1.36072793930757
"245",2,2.31292298016474,2,1.47878423012,0,0,3,2.44764794421177,0,0.146049652866205,1,0.858214289542829,2,1.54515076616914
"246",5,8.16051644407416,1,0.525666902036812,0,0.176021143049214,0,1.24630386270121,0,0.0217775073779419,1,2.00777150462226,4,2.95334804621196
"247",8,6.57839232143567,0,0.0394212371588186,2,2.464989707685,0,1.31348234962246,0,0,3,3.16799539469935,3,2.4063440669919
"248",8,8.27305289210163,0,0.129638463601993,1,1.40229886831175,0,1.73588284438315,0,0,4,2.35638821510092,1,1.09006536953949
"249",14,10.8822174276855,0,0,2,2.03887505124033,3,1.31590555439747,0,0.0576837508474154,1,1.64805508957317,1,1.31289685030938
"250",7,4.88641036406123,0,0,0,0.258525049086749,2,2.6546681163486,1,1.05422062601652,3,2.28420702654397,0,0.52555822197921
"251",3,3.51026602577405,1,0.794391650146757,0,0.444233234209692,0,2.12593607343961,0,0.101924424427209,1,0.863521466386869,0,0.405875731397505
"252",6,7.28083456244599,1,0.697948513324584,1,0.484300936023973,2,2.83307729421706,0,0.248290929469259,3,2.62105578489287,1,0.699584250137486
"253",13,10.4659052668363,1,1.33096538594539,3,2.84021160518493,0,1.52170688432537,1,1.06995142612379,1,1.61881187431129,0,0.394012948966317
"254",8,6.31474980312022,0,0.139176939482141,1,0.972375958286122,2,1.03291740865303,0,0,1,1.11738928951844,3,2.37622799928738
"255",12,6.66028823338341,2,1.82053902786875,0,0,2,1.53520591669109,0,0.338458314914154,3,1.9524160009094,1,1.11266285786642
"256",9,7.29939228344845,0,0.0326754907882482,1,1.24096016515326,0,1.88359802153775,0,0.378564750247868,1,1.44857096168878,0,0.554344102207508
"257",4,3.03455391826849,0,0.320812076177784,2,2.05955994528969,2,3.23709733625192,0,0.20734564349655,1,2.05002610613884,2,1.36676804874723
"258",6,7.88816659389431,0,0.126063398906509,1,1.52335119031661,2,1.4540566268225,1,0.904938745001702,3,1.52931287635943,1,0.946418482014721
"259",6,7.26211876040695,3,2.46283167837525,1,1.07707394720785,2,0.349101957647723,1,0.51409251960984,1,1.48013257580817,1,1.74977786953983
"260",2,4.80149104961522,1,1.1149100248677,2,1.64868051828543,0,2.08025663024449,0,0.325452595363347,0,1.78425901574853,1,0.640696376093038
"261",6,8.33800589602713,1,1.05889520305633,0,0.507054550042384,3,2.13644986695483,0,0,3,1.67965240752564,1,0.947845339690312
"262",6,8.46025151219392,2,1.79897834751075,2,2.175557570406,3,2.03995930363597,0,0,1,1.92448076397433,0,0.628898967746871
"263",8,4.45968155428547,1,1.00071102066053,2,2.14969243402267,2,1.42912855882078,0,0,1,1.76237424919824,0,0
"264",7,7.65284573015926,0,0.144374421598927,0,0,0,2.30368366010773,2,1.47383058612665,1,1.64900615545209,0,0.501249657768917
"265",9,9.41847250353087,0,0.494095385756908,3,2.88211644808446,5,1.67837495025659,0,0.412424792005042,3,1.96869120119615,2,1.50055524236983
"266",2,2.05650785811723,2,1.57793131564364,0,0,3,1.54637736542608,0,0.540811719271889,3,0.917339894984769,0,0.0616508559175871
"267",6,7.39914134475887,1,0.864904798405745,1,0.785822659781692,4,2.79139207061428,1,0.535831558526438,3,2.0804277813679,3,2.89297196107308
"268",10,9.30413743343966,0,0,2,2.03077771558166,3,1.92911444910393,1,0.716161992339873,1,1.95160558579326,1,0.772178626886106
"269",10,7.91469623999468,1,1.10002117887598,2,1.49672069240256,1,3.29641859884823,3,2.10380561260275,2,0.727645224350514,2,1.41204248059747
"270",7,8.21244284894002,0,0.285875918905275,2,1.30254255275651,4,2.78241376515701,0,0.156174053462392,2,1.32217469877184,0,0.730734449194809
"271",11,8.98730737180795,1,1.24436274930234,0,0.418769908948094,1,1.04592483252567,1,1.03467296726362,1,2.30589625472735,0,0.459564725430611
"272",7,6.37068304668763,1,0.637126051611379,1,0.921345089912344,3,1.39644662922932,1,1.02044678471556,3,2.45239359778648,0,0.245305800667191
"273",8,6.35399486812092,1,0.447733616134432,0,0,3,2.77031149079885,0,0.234773916834445,0,0.740485835927464,0,0
"274",15,9.54123665349152,0,0.727531567738407,1,0.384828592985629,4,3.39797910658432,0,0.586562737672071,0,2.6585476181442,0,0.0345711466291507
"275",11,9.99757704098796,4,3.17253961598449,1,0.940133169012679,2,1.903164329941,0,0.301410399451272,2,2.50725911641284,2,1.75283602498953
"276",8,9.19681806279479,1,1.08630902075156,2,2.04107709210517,1,1.7502836811423,1,0.911381722391044,1,1.90883146931515,2,1.05479068775602
"277",8,8.09457253953102,0,0.229521544626116,1,1.00035014839357,3,2.50078611644376,0,0.377388475131088,3,2.28063252532354,1,1.02979839357367
"278",7,9.03988713608595,2,1.63931401016267,3,2.46865971263644,3,1.99301366973621,0,0.171595676277221,2,2.5758117745086,2,1.79821803091309
"279",7,8.60899945875229,1,1.17283945135755,3,2.36345315542501,2,3.03994242856821,0,0.174047495838059,1,1.38357031165135,0,0
"280",10,5.07239226412485,0,0.379076430858435,1,1.17229765443405,3,2.210124823062,0,0,3,1.73067222454598,0,0.152456177280528
"281",6,6.59132438287009,1,0.613139509715236,1,0.884928420063164,5,3.16492216496656,0,0,1,1.87160695344252,2,1.88774617517757
"282",10,8.90284400663831,0,0.568458711125692,0,0,3,2.83961216856633,0,0.139622027254359,1,2.33887996613634,0,0.103274693388446
"283",3,3.50188359377842,1,0.819814792451208,0,0.902692071799064,1,2.27200152753385,0,0,2,2.6856673839897,0,0
"284",13,7.00279231094499,0,0.0287856528156184,1,0.204632544011236,2,2.21767180712391,0,0,2,0.574089943015558,0,0.465615242057073
"285",15,10.4482096734709,2,1.92777006321116,2,2.24688091966798,2,2.30657904755106,0,0.169437090477412,5,3.2994727876999,0,0.227034313193519
"286",9,8.84607476748271,0,0.385253165509799,0,0.469656062164769,1,3.37920492781474,0,0.19775991933153,3,2.28212819098637,0,0
"287",8,6.0391828460845,1,0.835623504447344,2,1.81487421220325,4,2.86490304871952,0,0.478845472569781,1,1.44759318895466,0,0.596518388263837
"288",5,4.51461889071047,0,0.255263928200217,3,2.56554334706881,1,1.64889383529369,0,0.012544037065916,4,2.95675108797017,2,1.13500362228782
"289",7,4.15733630294192,1,1.3359935017797,3,3.29424715397909,1,2.05371745363486,1,1.24008810689597,1,1.71374860689803,2,1.93260180465129
"290",8,4.50819521925342,0,0.238664669565565,3,2.46364591619534,2,2.05917332439916,0,0.0979689881757785,2,1.80414532532339,2,2.00907282182418
"291",10,7.04156804500635,0,0,1,0.122954591765994,3,3.02872299107857,2,1.4230743322447,7,2.83389672407677,1,1.01413523715206
"292",7,7.05505849827586,1,0.742176792337265,2,1.84802977714388,1,2.08383976302958,2,1.32882877494884,2,2.639030573686,3,2.32560970492042
"293",15,9.18345076368591,2,2.0962612048332,1,1.08287596512307,6,2.2593487214527,0,0.624810997590985,3,2.49966223162114,1,1.30813726351335
"294",6,6.66709910956799,1,0.514877195247986,1,1.33730359251233,1,2.13850155176966,1,0.799300105518714,2,1.21692057438759,3,2.88676724224135
"295",7,2.66551378123566,0,0.402763394300299,0,0.842735341445222,1,2.20017735067744,0,0,3,2.65832471731744,1,0.905253740051544
"296",5,4.46344833860634,1,1.15909492502178,1,1.14734683794505,3,2.80063661720104,0,0.241685337587432,2,2.18868078930345,1,0.752193855058524
"297",7,8.32628556864872,0,0,2,2.05877849618418,1,1.94241514087398,0,0.445729407334488,1,0.466120832390297,2,1.99908771645777
"298",6,6.91722843359366,0,0.670440364536293,1,0.941105665667867,2,2.78534305643573,0,0.268709002161707,2,1.89372251291255,1,1.26154522284474
"299",6,8.1102417650146,1,0.829225005855043,3,2.7362514512887,6,3.13936204934271,0,0.442771652550908,0,1.27548905677196,1,0.958769440449233
"300",10,4.6236899626409,0,0,2,2.36190509126598,3,1.93549647339646,0,0.111917996587905,0,0.45956372186717,0,0.222895004596073
"301",5,4.6738089782126,0,0,2,1.71141363702967,2,1.68724185671457,0,0.152750921740575,0,0.826532250211878,0,0.368604319655382
"302",8,5.62546746269054,0,0,2,1.43836047854853,5,2.02843038960203,0,0.261015308246724,0,0.886791242844068,0,0.318679689251429
"303",4,7.62768389156408,0,0.669489550007786,0,0.771653071020379,1,2.38045244828194,0,0.184527034410563,0,2.86906480379935,0,0.2807352548509
"304",5,6.39442617470111,0,0,3,2.52717503276903,1,2.15102054084491,0,0.281543772809733,0,1.48198481951786,0,0.657005325997729
"305",10,6.16831571191502,0,0,2,1.69640051063965,1,2.73678893339727,1,1.0411079700845,1,1.30369388870772,0,0.105170243448651
"306",12,8.69875215995635,0,0.367781731790519,0,0.701131723609798,3,2.27843670060599,0,0,3,1.76512080438911,1,1.25196861609675
"307",6,5.7618526901846,0,0,1,0.797856288205222,2,1.42308692971793,2,1.69773171477906,3,1.94468997371796,1,0.534541042788838
"308",8,6.81834146247424,1,1.08703841774332,1,1.21796517814824,4,3.17904874730927,0,0.209383579768369,4,2.03960076721173,1,0.95589079298377
"309",8,6.37413768143189,2,1.25882490976266,1,1.47166022683494,0,2.23204967775562,0,0.0227403219517744,1,2.37276654059744,3,2.44555211650607
"310",10,7.95422224002025,1,1.27619263146378,3,3.04889353356213,2,1.7696642682293,2,1.18785214018712,2,2.47299252723534,2,1.96699384216691
"311",7,7.00519241153529,2,1.64926699695418,1,1.18306406297949,3,2.7517394093932,1,0.930788263628092,4,2.38106020818535,3,3.16957562516022
"312",3,7.76367952309493,1,0.155292596547026,4,3.41686853693843,4,3.23788899320194,1,0.840132594318974,10,4.68592383227108,2,1.73854691595211
"313",7,8.37952466840441,2,1.47279886548502,0,0,2,2.52968236364545,1,0.937992112320039,8,4.65472713935099,2,1.564897260534
"314",9,7.9464694032361,0,0.0527678062234422,0,0.0311649718576774,2,2.58095442425511,1,0.321125318728628,7,3.09807976499354,2,1.65093506026138
"315",11,11.1451013580283,0,0.245998320936556,0,0.0319996691695454,3,2.85750459650963,1,0.321046424802693,6,3.4895889291141,4,3.20391662149688
"316",10,8.46432532442291,0,0.126178829231665,1,0.669791297901881,3,2.82784315314798,0,0.121375815941913,3,1.78154047983574,1,1.11859064463337
"317",11,8.14366389517426,0,0.0360534624594484,0,0.801608063139299,1,2.68174599479544,2,1.7923544120046,1,2.29735256779175,0,0.457134769101949
"318",16,13.0149691550984,0,0,1,0.975459205404173,3,2.57013551709473,1,0.933774543050741,3,2.52022355719972,1,0.451925805533749
"319",12,9.16456079940302,0,0.426321674455799,4,3.81967164563841,5,1.51926455997939,1,0.904151688685066,2,1.92748264905493,1,1.22355970502069
"320",14,10.1461200565399,0,0.0569325743536364,2,2.65561290881841,2,2.48170789849477,0,0.216318459761967,5,2.7354806948586,0,0.300959236079874
"321",8,7.48182212893385,1,0.844899431999216,2,1.9482512214936,1,2.62485833466316,1,0.673119368190123,1,1.41321288115635,1,0.87706608813578
"322",3,8.57148799247428,0,0.205113769093543,0,0.347930643356499,3,3.08561731358075,0,0.00837147087355912,3,1.08410012860995,1,1.399571851673
"323",7,10.0096798080046,0,0,4,3.82539541076259,2,2.6299230740277,2,1.60513865378693,5,2.55043610121109,0,0.395903141825154
"324",11,10.5956120361206,0,0,3,2.28707385144481,3,2.54968985442764,1,0.670819084539307,4,2.66153794541631,1,1.77211950858519
"325",5,9.58424543466527,0,0.0981187727204522,2,2.3143856934469,5,3.10294945956084,0,0,3,1.97281337681588,2,1.68314854296234
"326",7,9.46549313305802,2,1.65479057609568,0,0,1,2.20699352101201,3,2.14189918819553,4,3.08391232803707,0,0.364905325444892
"327",4,6.77179290849471,0,0.256623751655145,1,0.95133662933244,3,1.40748621420617,2,1.34885134231215,3,3.18627031784998,2,1.88571707708568
"328",13,9.07786940612989,0,0.128968160452191,0,0.318071810280714,2,2.7510058918014,1,1.18918410432797,2,1.98646210318828,1,0.979729799923436
"329",8,9.5317515189091,0,0,1,1.45651467761937,5,3.45350914802191,0,0.284262018844912,1,1.82223133228487,0,0.42748302625746
"330",6,11.0981809554945,0,0,2,1.39582364688984,1,2.80525028837939,0,0.293741216852579,7,3.92933828145904,2,1.48615040890466
"331",7,9.49815023732851,0,0,4,3.27411885270713,1,2.05953601728838,0,0.0304698201779463,1,2.82879688370703,0,0.713100111161685
"332",6,7.04272854866367,0,0.0546462773103415,2,1.90340888116872,5,2.01668154457072,2,1.37740739568985,3,2.03112273471572,1,1.20240726300884
"333",7,8.29239262322223,2,1.69160723672342,8,6.80849845972481,2,1.71749338631885,0,0.186725660659899,2,2.73468679303353,2,1.3670464943499
"334",9,6.74770791174734,0,0.371208158965853,1,1.18900651990216,5,2.58025430339694,0,0,3,3.36256045900676,1,1.18905025063272
"335",10,11.7608050576104,0,0,1,1.15383182637744,2,2.07301968253901,0,0.704963766281229,6,2.58633866998963,2,1.83918490796568
"336",6,8.97463612997229,0,0.297973048555779,1,0.927660858815102,2,1.09923499195621,1,0.772376566494256,1,0.712257976409079,2,2.23011874485494
"337",10,9.20707916139627,1,1.35864083746112,0,0.327178513940302,1,2.43020866919502,0,0,3,2.67832360493039,3,2.14963636059257
"338",8,9.40116098155115,2,1.45395819463452,0,0.251325106607668,5,2.1909357047292,0,0,3,3.02593641168401,1,1.19299432054641
"339",6,6.50127438132507,1,0.530400419791475,2,1.99981272523811,5,1.73413191423794,1,0.673305138065637,8,4.91353001127023,0,0
"340",7,9.93404564444296,0,0.176725951721081,3,3.04895931609487,2,2.55252022209323,0,0,4,3.32372083535854,3,1.67954201108782
"341",7,9.26232346462553,0,0,0,0,4,2.89844370761185,0,0.207564229063413,4,2.15975269174318,2,1.52293029078368
"342",9,8.59547619927456,1,1.09711575516121,3,2.52966583466422,5,2.20783523466534,1,1.13244718308056,0,0.650859627079734,0,0.550122457654991
"343",5,10.962785575402,0,0,1,0.757855844333208,1,1.90361274892553,2,1.22076444093257,2,1.7034311628417,2,1.16724303038967
"344",11,10.2669210304812,0,0,2,1.77678839308666,1,0.938983230766588,1,0.307228845682408,4,2.58942107647504,0,0.208539245947698
"345",8,8.9498764219747,0,0.810007731897585,3,2.46677401643268,1,1.38299314460382,0,0,2,1.84713835058542,1,1.14941914223655
"346",6,6.6856552581992,0,0.382691916761055,0,0.357721673893678,2,3.15711706879751,0,0,2,1.57887211182674,1,1.60138620181272
"347",12,9.42688448064015,0,0.750083798745651,0,0.563758560297955,5,3.15031938269807,1,1.15368335149279,1,1.34950979746273,1,0.999756389058159
"348",6,11.1187305536488,0,0.0406325878841533,2,1.88982602347513,2,1.25983560973713,0,0,2,2.46482895564989,2,1.54884461632932
"349",6,5.82775405233849,1,0.642020351734994,2,1.70113028525232,1,1.6837383170549,0,0.370618298772261,3,1.99233752441868,0,0.762083564191364
"350",10,8.24786613844178,2,1.66049718803768,0,0,6,1.65491411876079,0,0.147347513926537,5,2.48323274815232,1,1.29854955405799
"351",5,7.5035600762467,0,0.534947739339376,2,1.93173573003318,5,1.51742253426761,0,0.624167613104343,1,1.60383902236424,1,0.998460917659441
"352",5,6.48443992164773,0,0.586314764701348,1,1.32077993132695,1,1.52334926386671,1,0.996567696366322,0,0.711985469519706,2,1.69205380422738
"353",6,8.25782965134718,0,0.160645997491194,3,3.21169866319251,3,2.29255321521094,0,0.470603777587117,1,1.53852151812954,0,0.163543464491961
"354",9,6.83964574248703,1,0.913263883040072,0,0.141649550078114,2,2.3016246974216,0,0,2,2.27147878841802,3,1.59036990115132
"355",8,8.0887017155587,1,1.14677414947885,2,1.10478978605489,2,2.00034406048046,0,0,2,2.2240225500648,1,0.927373096518823
"356",14,10.1413236002569,0,0,1,0.71697622538206,4,1.28490008193067,0,0.202928174962302,3,1.96221619878525,0,0.0179540537741139
"357",12,8.0144740426326,0,0.332915234255605,1,0.0933233316741082,3,2.04678813462506,0,0,2,2.00998756647442,2,1.42052039147792
"358",16,11.8651016739596,1,1.22587937861704,0,0.264658678086643,2,2.40395991812759,1,0.49960785718684,1,2.24461544176444,1,1.50196244363761
"359",8,4.51972971977233,1,1.51132490451552,0,0.0609945072378911,2,2.46655220768575,2,0.891249286550655,1,2.03147688162394,0,0.313828677988734
"360",6,3.62232436234944,0,0.169987335747461,0,0.118477588741336,3,1.50124309758091,1,0.854317399351172,1,1.57602428225481,0,0.00050468674529767
"361",5,9.74711150799349,0,0.172040864059408,1,0.711204501300406,3,0.528256466927429,0,0.137145415513358,3,1.3009202274256,0,0
"362",8,7.15689457976007,0,0.518699467114978,1,0.656867736906599,2,0.494886403816245,1,0.653076365383078,1,2.44906840304189,0,0.293134522874676
"363",11,8.24430540614288,1,0.768518275854418,2,1.60907314875206,1,2.30195739218617,2,1.3050339374815,5,2.14602794510059,2,1.79467047957388
"364",3,7.19156725297732,0,0.0181663528296298,0,0,3,2.21753915874143,0,0.345575076066075,3,2.15872793483885,0,0.0679208933413179
"365",13,7.3647133982233,2,1.33541999802952,1,1.06158981574068,1,1.33237422374688,1,1.13149437819881,3,3.52222653585627,1,1.24654864332574
"366",4,3.87144289317687,0,0.0166732941630653,0,0,3,1.4424578201384,1,1.06815136925459,2,2.0382308205229,1,0.899312761607397
"367",6,9.69487352544992,1,0.0774746987699245,0,0.214048154734814,2,1.16269157168898,0,0.0333070731668745,1,1.22646289682368,1,1.07455013969522
"368",6,6.6452428882709,0,0,4,2.94217554607234,0,0.170459591641433,0,0.144932250273068,2,2.46647641583308,2,1.22644296617231
"369",6,6.12147577702418,1,1.13533519892645,2,1.68345854543554,2,1.05245303693606,1,0.620501635360413,2,1.9365506994097,1,0.726180349721207
"370",5,8.20902980620338,0,0,3,2.09120208286316,1,2.10933059583508,0,0.129326941804902,0,1.11205381845544,1,1.18206391629543
"371",6,4.71906569912875,0,0,5,4.24543693858308,1,1.9440559718874,0,0,1,1.41641607068992,1,0.903094824301315
"372",5,6.3057791022435,0,0.653711882632881,0,0.364566240974572,1,1.54669849592217,1,0.742796831390112,0,1.53798789912827,0,0
"373",2,5.58440362922249,0,0,1,0.925188698482425,1,0.768751660571308,0,0.186876931148331,0,1.56632236292427,0,0.112529150701274
"374",6,6.70311071777623,0,0,0,0.368493490207337,2,0.57879295883591,0,0,2,1.28972187055078,1,0.492370079837313
"375",6,7.0216808450557,1,0.941023273508433,1,1.05063311402983,3,1.49038083632062,0,0.0903198383501466,3,3.03874237353752,1,0.76117284730487
"376",3,6.05894561330474,0,0.101489941137808,1,1.3152184222107,1,2.0725613990392,0,0.522170379395627,2,2.38217254057109,0,0.1570140736435
"377",5,4.74874961441154,0,0.616117120574918,0,0.602352463361824,1,1.04044235217952,1,0.580362901569401,3,2.46782251716727,0,0.138840540898898
"378",2,4.08126093874138,0,0,0,0.314973393476196,2,0.401720627046838,1,0.50556693847305,3,2.34487454505594,0,0.162243658481744
"379",8,6.90041720473932,0,0.239649513726284,0,0.479879995633014,2,0.385691546863589,0,0,0,0.682360634908402,0,0.0390811912190896
"380",5,4.12638023283092,1,0.755555311876213,0,0.605418174627515,1,0.895994739682014,0,0.487656449465968,0,0.742226094550393,2,1.32714832306759
"381",4,3.01749470056181,0,0.0356780112714942,1,0.610749477673158,0,1.39065909633794,0,0.407004914418058,1,1.52544122485003,0,0
"382",11,6.37352578606971,0,0.0710568130917253,0,0.220191233933005,1,1.96453190387829,0,0,1,1.71973944103472,1,0.721216474287386
"383",5,3.94879255273085,0,0.477747816651693,2,1.42835468947469,0,1.29247327667686,1,1.03170776648189,2,2.6452986994096,0,0.034901783353369
"384",7,6.36349006360107,0,0.653072030201735,0,0.460691790064446,1,1.24934790053025,0,0.146585590538392,0,0.909959035017492,0,0
"385",4,3.39950649120928,1,1.03886275832328,1,0.965770849723495,2,0.527208869723677,0,0,1,0.432742698974096,0,0.205413035337057
"386",6,7.3659262688146,1,1.11757679606704,2,2.00557811895642,2,0.776268181381803,0,0.195281863171168,5,3.57714678542098,1,0.282658758354238
"387",6,4.91208276066436,0,0,0,0.404100894193687,1,1.5850769068648,0,0.218104194018062,1,1.19607563416562,0,0.194455513305784
"388",1,4.1109550269559,0,0,0,0.255483110728732,4,2.63262178543975,1,0.832678133142112,0,0.439487582703307,1,0.734191193158989
"389",2,3.20593134071951,1,0.428681710227898,0,0,2,1.92814563885097,0,0,3,3.05166490668573,1,0.338614327800988
"390",6,6.3062612409893,0,0.696744560436392,1,0.509652965795687,2,0.86603567556809,0,0.503328110322377,3,1.89065072499189,0,0.159768744706735
"391",1,3.02929873654462,0,0.0513230835570132,1,1.02459895345934,0,0.539271257677821,0,0,2,0.177831385585252,1,0.99290550352281
"392",4,4.24035443316422,0,0,0,0,1,1.2887874033887,0,0,1,1.17719208197978,1,0.783892582074988
"393",4,7.71498295021693,0,0.707442480367391,2,1.95882139227093,1,1.66378925140934,2,1.24943406337243,2,1.64534561163816,1,1.22358138508855
"394",5,2.90720589481064,0,0.672844366514696,0,0,3,2.23503092411033,0,0.265946030525597,2,1.63064534165035,0,0.17463796191986
"395",1,0.720412547323624,1,1.19636538989093,2,2.40215786291756,0,1.20123809064121,0,0,3,2.96969964780058,0,0
"396",4,4.98090628126874,0,0,0,0,0,0.955824661736482,0,0.336800541241513,1,1.72010668630096,1,0.729529823884894
"397",1,1.7746962754229,0,0,0,0.221640603626463,1,0.941970476912929,1,0.778517950691675,0,1.55531995360889,1,1.45952376789796
"398",6,4.9430903480111,0,0.17168168037776,0,0.422462240332528,0,1.90008509359517,0,0.0454945273526051,1,0.899116501185308,2,1.27827825968011
"399",2,4.69355319637077,0,0,1,1.23889818288006,3,2.00949986739203,0,0,1,0.394839327691544,1,0.774602275329148
"400",2,2.44302838483806,1,1.31829597218581,1,0.546103274847397,1,1.88222861041019,1,1.40822703869594,1,0.714138493821943,1,0.802167661587434
"401",1,0,0,0.386549587968474,0,0,2,2.34186991489557,0,0,1,1.30821049789183,0,0.0318240568374027
"402",7,6.09528298759427,0,0.0493220511147588,3,2.62293331022853,2,1.57875485624766,0,0.337321254431979,1,0.68488469694155,1,1.09281723112656
"403",2,3.49513993172785,1,0.558777327795042,0,0.140618452488646,1,0.655288386541764,0,0.505164306513963,3,1.20239403473027,0,0
"404",2,3.42487957344306,0,0,1,1.18074288808834,0,1.38397479872522,0,0,1,1.56631125305319,0,0.828790348645824
"405",6,5.51086007836919,0,0,1,1.47287126795849,2,2.60891787513755,1,0.952095101620135,0,1.03406377891301,0,0
"406",2,3.85190593355158,1,0.584248645867554,0,0.133792667116385,0,2.48658585644179,0,0,3,1.48129169501577,0,0.713715268648284
"407",4,2.63778654529597,0,0.345067114826246,1,0.84835429053201,0,1.0406316818934,0,0.425881685057417,0,1.61479655654613,0,0.265033283887448
"408",3,3.24295884705328,0,0.0957997332317013,0,0,3,0.807036063667622,0,0,2,1.25404232516233,0,0.281673786423103
"409",0,5.23277237883402,0,0,1,0.990535198985834,0,0.786621969554575,0,0,0,0.334977607975363,1,0.863903101537604
"410",4,5.07661909240786,0,0,1,0.232907644320102,0,1.44743783585901,0,0.071746728271802,2,2.14377476988876,1,0.804456945137473
"411",5,2.16089860579977,1,0.791275115771897,3,2.37448835516983,0,2.59139713650424,2,1.34876119190635,2,1.82257660597004,0,0.158887508035885
"412",2,0.65656694210651,0,0.0971810030484523,2,1.83603723917551,2,1.36958948473804,0,0,1,0.150899435335071,0,0.158038860148351
"413",3,1.49587744318521,0,0.43007320410638,0,0.612460021730907,1,1.17433893374153,0,0,0,0.69647075773894,2,1.5672130435901
"414",3,2.68162652751176,0,0,0,0,1,1.22397684690778,0,0.399291161466727,1,2.0643904356184,0,0.0583292638337201
"415",2,3.62676285345424,0,0.236377735127746,0,0,1,1.38259406268259,1,1.33574488997652,1,0.874802243567297,0,0
"416",3,5.06083610276086,0,0,0,0.171436172748997,0,1.02391398065174,1,0.986683174599557,2,1.31506651688378,0,0.422597938057614
"417",5,3.30250117434248,0,0.124077442613189,0,0.0472392174303953,1,1.78110055317556,0,0,0,1.28797881084072,0,0.295326835080637
"418",5,4.53212739143497,0,0.0419687890112988,1,1.05593631970658,1,2.45375101190458,1,0.892095736471735,1,0.0385340589371377,0,0
"419",3,2.00036507565586,0,0,0,0.22295254553472,0,1.63199513876411,0,0.309942005276143,0,0.995800051292346,2,1.66807488253666
"420",2,1.25753466628731,1,1.08181638397734,0,0,0,0.546192405683247,1,0.75791791183164,1,1.29014124893847,0,0
"421",1,1.61564781907982,0,0.569344043108587,1,0.868052042399709,1,0.575520765984949,0,0,0,0.635755800193178,0,0
"422",2,1.23420884050397,0,0.0250250584726685,0,0.407485858516763,1,1.33475049425141,0,0,1,1.60140471521141,1,0.989404444466483
"423",2,2.15262073769413,0,0,1,0.434823322700589,4,2.36929002464616,1,1.04197827198121,0,0.818137939936364,0,0.145623930808282
"424",3,0.592409207764592,0,0.259184146625173,0,0.209010567566586,1,0.879303631633192,1,0.54835959377013,3,0.469803349066311,1,0.934648382052409
"425",5,2.45089077004662,0,0.243226448553128,0,0.276312284482952,2,0.699870222875585,0,0.2712526891252,1,2.55701731499484,0,0.169314854248646
"426",4,4.63925607153982,0,0,0,0.405330989877944,2,0.659465633349512,0,0.0689139848193797,0,1.01597509251962,1,0.589201862807773
"427",2,4.82373578423867,0,0,1,1.14172280376719,2,1.33007160046628,0,0,2,1.349392397309,0,0.126497858624639
"428",0,0.677517463878418,0,0.210262852347159,0,0.23468261483749,1,1.74820630904588,1,0.672090983761801,1,1.03597073286346,0,0.820672498368491
"429",6,3.98687127398367,0,0,1,0.787378441060031,1,1.5721766745632,0,0,1,1.58175785072067,2,1.66039145362041
"430",5,2.28338390126675,0,0,0,0.14417503551097,0,1.4602385245791,0,0.0356664005724483,0,0.753265331665244,0,0.294306066857938
"431",0,0.695148524655424,0,0,0,0.422203490203141,1,1.34867220044245,0,0,3,2.06130762974249,1,1.09454604436075
"432",0,1.40417284437897,0,0.329894045617606,1,1.03189154824585,0,0.805020057409277,0,0,0,1.1179057939959,2,1.73937533098957
"433",2,3.62886924397118,0,0.026228600028445,0,0.0054939860497554,0,0.790229949960316,0,0.555861790317569,1,1.67593775715741,0,0.0918944553407359
"434",4,1.79075202786243,1,0.459491196181897,1,0.739751941268354,1,1.15900238579599,1,0.949450432550001,0,1.02478715174589,1,1.74750503601458
"435",3,4.42020645177434,0,0.271656643521063,1,0.898718150304641,1,2.28929703133339,0,0,4,2.1633202176104,0,0.036769402444296
"436",4,0.600875033427454,1,0.807901889781274,1,1.3261236563211,2,1.59082348080571,0,0.406459831454962,2,1.26311405794668,0,0.553664987031403
"437",2,1.05288862469818,0,0,1,1.0854815004647,0,0.85067835064508,0,0.533196442650714,4,1.26250234456536,1,0.998664841441379
"438",1,2.54405116363167,0,0.106763667279151,0,0.0478932462231977,1,0.015615815705197,0,0.359148473759501,0,0.513938599961622,0,0.441428375723231
"439",4,4.97067883702791,0,0.0659392715596417,0,0,2,0.646709328140236,0,0,3,1.5733681295562,0,0.101983414823613
"440",1,0,0,0.177407863834827,0,0.0403621645299904,1,1.58244854996729,0,0.36480895158978,3,2.29781370736795,0,0
"441",0,2.22816016575228,0,0.167393468607783,1,0.495569819515353,2,0.663259681429129,0,0.0737404006247847,0,1.60618552279377,0,0.962241293516327
"442",4,0.873894884870754,0,0.535473968916356,0,0.415412173581204,0,0.911639431769193,1,0.59864895418603,0,0.578901730191073,0,0.301230880159498
"443",1,0,0,0.25375201599305,0,0,0,1.18170304455861,0,0,2,1.7298662046051,0,0
"444",3,4.06529912267532,0,0.276336505418596,0,0.492912973762212,1,0.861146963662135,0,0,2,0.489333589617079,0,0.460432088059249
"445",5,3.29448680777904,0,0,0,0,1,0.918174168125825,0,0,2,2.93476644260579,0,0.272367913407203
"446",1,0.0280038564636299,0,0,1,0.747243809688893,1,1.36818450659052,0,0,1,1.22961115221139,0,0.686818286115919
"447",4,4.38123024451675,0,0.0729148253945435,0,0,0,1.21209867931021,0,0,0,1.96624421830143,0,0.454918259287807
"448",3,3.53978260626452,1,0.725853755571635,1,0.522231187405354,0,0.677213111494333,0,0.44829470198409,0,0.826685366943552,0,0.103890441564919
"449",1,3.12249253338569,0,0.14254120623858,1,0.601397245039395,1,0.484216163774716,0,0,0,1.07732982607329,0,0.111574954671641
"450",2,0.828156821477648,0,0,0,0.442120453006809,1,0.298854594660472,0,0,0,0,1,0.919078657396931
"451",2,1.27168923254104,0,0,0,0.835967060449613,1,0.277836433651672,0,0.110524955372325,3,2.71630938894603,0,0.349389411371732
"452",2,2.48870941234457,0,0.00704579270539556,1,0.663165005523118,0,1.51908917538688,0,0,0,0.14465207842592,0,0.221439727533909
"453",3,1.57604274508929,0,0,0,0.241024588042815,0,0.999366665781298,0,0.0126676690291041,1,1.03322321280068,0,0.362270829444862
"454",3,0.627360392662378,0,0,0,0,0,0.8580107036224,1,1.16887422658224,1,1.08619094726644,0,0.286780777854802
"455",1,4.65222298529029,1,0.475246595878724,0,0.21433172908789,1,0.116292851350461,0,0,0,1.16647298242823,0,0
"456",2,1.26701111513972,0,0.159636712318467,0,0.0290301620317876,0,0.176423455640904,0,0,0,0.286776424866214,0,0
"457",2,0.585079614582393,0,0,0,0.219584401856281,0,0.396535224174509,1,0.801558237401125,0,0.573213607891691,0,0
"458",3,4.78397108752836,0,0,0,0.00150805526605842,0,0.77195009244547,1,0.752222174802837,0,0.945035632922988,0,0.366768040590397
"459",4,1.24787370473683,1,0.894299006151514,0,0.430776347845656,0,1.08046335645857,0,0,2,1.23083707426974,0,0
"460",0,0,0,0.0201209803136816,0,0.161078125293037,1,1.54352811015082,0,0,1,0.740213529964768,0,0
"461",1,3.40007204673213,0,0.0602494898031995,0,0,0,0.864271601168571,0,0.310618416587168,1,1.74035097217384,0,0.408512635801707
"462",2,3.63166639288621,0,0.0366783246730199,1,0.823101310866303,1,0.79462274242626,0,0.378529817075822,2,1.08472511802874,0,0
"463",0,2.35176451474599,0,0,2,1.37340851326694,0,0.994739170291615,0,0.30771098651268,1,1.01112353389683,0,0
"464",0,0.248146078703056,0,0,1,0.905560693260862,0,1.19308248846029,0,0.384905408640987,0,0,0,0.0473456113996794
"465",2,1.39309569769486,0,0,0,0,0,0.397014850088095,0,0,1,0.60795158761577,0,0.110755015037465
"466",1,2.37425999691811,0,0.172188469278628,0,0,0,0.987564387099781,1,0.611833207238281,0,0.201650344288897,0,0
"467",1,0.381539432562207,0,0,2,1.6184435366606,0,0.688069064534877,0,0.105562964003528,0,0,0,0.370155957276955
"468",1,3.79349437668496,0,0,0,0.636479422613506,1,0.529515229107231,0,0,1,1.05099739934459,0,0.229881490023449
"469",2,1.79560563070638,1,0.977117410268455,0,0.201408743678992,0,0.935832682604538,0,0,0,0.0882453581276661,0,0.510859919628266
"470",2,4.0490367842164,0,0.628559365583833,0,0,0,1.24406338707486,3,1.95845817557955,0,0.216172365972167,1,0.83446194011584
"471",1,3.78280907004476,0,0.00200869417884208,1,1.59325358590393,2,1.17590236873056,1,0.946309153997038,0,0.470690934071225,0,0.364810722402902
"472",0,0.56417529083932,0,0.519591631729686,0,0.125273601180089,1,1.13453766301335,1,0.654253563563431,0,0,0,0
"473",0,0.681271517647577,0,0,0,0.962017477824037,0,0.604530529984699,0,0,2,0.168255087457102,0,0.463444311988977
"474",1,2.2512117331272,0,0.14590011798166,0,0.276981943151824,0,0.446568901692725,0,0,1,1.34904469265635,0,0.427629084436305
"475",0,4.99392420262261,0,0,0,0,0,1.03373818619058,0,0,0,0,1,0.611115080810741
"476",0,0.574157745505004,0,0.0441130170372863,0,0.379836270456251,0,1.37838079326201,0,0.2931146465141,1,1.1993923900081,0,0.170459550926969
"477",1,1.23607349853774,0,0.37172623786251,0,0,0,1.59465704537265,0,0.0181370163907943,0,0,0,0
"478",1,2.07523515782169,0,0.434128450759125,0,0,1,1.64906455977256,0,0,0,0.815510075407452,0,0.13792603798166
"479",3,1.81254875271408,0,0.170120972064619,0,0.496760627053112,1,0.808955470245859,1,0.596278240623709,0,0.614751835045445,0,0
"480",2,2.86331785890903,0,0.165894790703526,0,0,0,0.621171404808039,0,0,2,1.76566558254378,0,0
"481",0,1.18680006772517,0,0,0,0,0,0.87925540479389,0,0.152658496598008,1,0.918156404481045,1,0.713102234182452
"482",1,3.85826128554104,0,0.199580734106191,0,0.50194006512256,0,0.273480254805825,0,0,0,0.211827110470828,2,1.20524651263577
"483",0,0,0,0.0794652583354696,0,0,2,0.873419919996878,0,0,0,0.157113333651508,2,1.51073588177017
"484",1,1.88658726103702,0,0,0,0.066068715087916,0,1.16512284485887,0,0,1,0.780411164643809,1,0.744750276329445
"485",0,2.89864487545183,0,0,0,0.701392946755303,1,0.738073333573415,0,0.406601442139373,1,1.31930599677762,0,0.0286377551150363
"486",0,1.01021589977435,0,0,0,0,0,0.323661046208405,0,0.0470556331498299,0,0,0,0
"487",2,1.30437355345779,0,0,1,0.430051309876171,0,1.19769523377679,0,0,0,0,1,0.789379488446447
"488",1,0.130935358092086,0,0,0,0,0,0.768764845363005,0,0.215624175964827,0,1.52119341597146,0,0.367859214549179
"489",1,0,1,0.520855861929097,0,0,0,1.0325289952669,0,0,0,0,0,0
"490",2,1.56669812592881,0,0.149206468292635,0,0.198120797609938,2,1.04100087417219,0,0.0472680844278144,0,0.584849972114016,0,0
"491",1,1.21809215821474,0,0.107849290233114,0,0.895100511937072,0,0.403458678152016,0,0,0,0.242503262160689,0,0.189424357603789
"492",1,2.56105525461727,0,0.30324587612129,0,0.221762861164105,1,0.318261148201111,0,0.210080441971994,0,0.131784256240421,1,0
"493",1,2.58361651948769,0,0.0175382608525237,0,0.266087815441811,0,0.777593731497098,0,0,0,1.1735172880064,0,0
"494",1,0.48793133327358,0,0,0,0,1,0.723049909439665,0,0.280017260297147,0,0.494376888659313,1,0.710770210868172
"495",0,0.0990957481687325,0,0.327493657674475,0,0.598984182122134,0,1.42712470251491,0,0,0,0,0,0
"496",0,1.94496274946772,0,0,0,0,1,0.534865145381406,1,1.08643300091387,0,0.191750872306948,0,0.239811201175603
"497",0,0.0382749711722183,0,0,0,0.0147527324047466,0,0.176311340229929,0,0.443310173696672,2,1.51376246700624,1,0.456015019234011
"498",0,2.19288978583321,0,0,0,0,0,0,0,0.152663399009536,0,0.170038168848336,0,0.348164954049636
"499",1,2.89660429641057,0,0.0249574852264414,0,0.560748840151109,0,0.141271833282648,0,0.142389051472935,1,0,0,0.938568206200576
"500",1,3.27157788606884,0,0.254935409574879,1,0.528223183337641,0,0,0,0.113694567949977,1,0,0,0.0773106254972964
"501",0,1.22933086162082,0,0.525493122048585,0,0.296536696189684,0,0.856295559413352,0,0,0,1.12459893430873,0,0.254914449107615
"502",0,0.26276472287409,0,0,1,0.725418651091682,0,1.0692728198268,0,0.057258063875415,0,0.189822455523305,0,0
"503",1,1.45495915143121,0,0,0,0.322984678774047,0,0.110819100416892,0,0.0295868603917107,0,0.295173360265266,0,0.600837567560068
"504",1,3.35593827079687,0,0,0,0,0,0.384018180892151,1,0.78249218397595,2,1.16363451707255,0,0
"505",2,3.73997751927284,0,0,0,0.0768832773225615,0,0.400953747972985,0,0,0,0.77027424374761,0,0
"506",2,5.28297074998417,0,0,0,0,1,0.245544090031571,1,0.911389360850938,0,0.531009771990083,0,0.57201179681344
"507",2,4.37072394871294,0,0,1,1.60344162717393,0,1.23992026876451,1,1.2086309214943,0,1.94017650642727,0,0.228176154954062
"508",1,2.88857246356692,0,0.12432812104398,0,0,0,0.477589144250414,1,0.802458002558152,0,0.612471579555462,0,0.370506341072426
"509",0,0,0,0.282535354273583,0,0.283917141743423,0,0,0,0.29205426976609,2,0.296492792022715,1,1.36143417343435
"510",1,1.51040807653098,0,0.122998248484362,0,0.867096906412838,0,0,0,0.142021831035271,1,0,0,0
"511",0,0,0,0,0,0,0,0.382306357207514,0,0.549376119799932,1,0.990718417576684,1,0.483951497370139
"512",2,4.41157684087336,0,0.38952950807575,0,0,0,0.616613106529139,0,0.124380534943242,1,0.389637740862139,1,0.984384351849586
"513",0,1.63056343646005,0,0,0,0,0,0.329962048011949,0,0,0,0,1,0.943605922008704
"514",0,1.55649248145296,0,0,1,0.59469811524522,0,0.361225573390876,0,0.312258316610483,0,0.148820144944463,1,0.991020770518236
"515",0,2.27433743118295,0,0.138941703480197,0,0,0,0,0,0.665833282774504,1,0.620763953214816,0,0
"516",0,1.09532101992777,0,0.331193890241841,0,0,0,0.218150265541049,0,0,0,0,0,0
"517",1,2.08319892739027,0,0,0,0.0167033546311008,2,0,0,0.384592886978345,0,1.06003247827047,0,0.393756632805075
"518",0,2.57614227002705,0,0.623774481845124,0,0,1,0.374415632647046,1,0.707185168908977,0,0,0,0
"519",2,3.18624587400628,0,0,0,0.112690879150242,0,1.59836905519219,0,0.0072101235843896,1,0.864558540687723,0,0.115068010771845
"520",0,1.80793935210329,0,0.2062741852297,1,1.13354155417051,0,0.348342843998607,0,0.19707081909006,0,0,0,0.20490797273107
"521",0,0,0,0.412035063570986,0,0,0,0,0,0.35878937076084,0,0.235222558068606,0,0.0705282871765521
"522",1,0.57545175092603,0,0.0921894371782551,1,1.02866023400619,1,0,0,0.12345180015609,0,0.226025423731854,0,0
"523",1,0.528025510168093,0,0,0,0.274774936309017,0,0,0,0,0,0.0545830625803119,1,0.289002422195292
"524",0,0,0,0.0866643146985635,1,1.35775009380539,1,0.91688730397975,1,0.417580385203052,0,0,0,0.15322771841442
"525",0,0,0,0,0,0,0,0.446554283411213,0,0.0506911269676683,0,1.46663004434744,0,0.204631282501398
"526",1,3.16297105779413,0,0,0,0.725889246786765,0,0,0,0.352861895079153,0,0.724569844321805,0,0.247079539711911
"527",0,2.24168435536226,0,0,0,0.260861567658298,0,0,1,1.01357585007389,0,0.198622173731173,0,0
"528",0,0.841826388024242,0,0,1,1.24739456254509,0,0.285288899980536,0,0,0,0.208748959266997,0,0
"529",1,0,0,0.37722506286956,0,0.0237823371563602,0,0,0,0.181717984151251,1,0,0,0.332991994737678
"530",1,0,0,0,0,0.138438938010181,0,0,0,0.299183081026165,1,0.11287034601258,0,0.429562522051274
"531",0,2.6346316457487,0,0,0,0.671003604417551,0,0.84173105869204,0,0.412754586487513,0,1.14739205120391,0,0.257533672701671
"532",0,1.02687632582599,0,0,1,1.3695993775218,0,0.31256105475124,0,0,0,0.0810121176561491,0,0
"533",0,1.61786181537522,0,0.338204868983461,0,0.0545821081257636,0,0,0,0.418032504179037,0,0.393066288406473,0,0.0234343807799044
"534",0,1.37091750708702,0,0.435244179789471,0,0,0,0,1,0.803087074631394,2,0.217928693639288,0,0.112851825291254
"535",0,3.26478815988142,0,0.241847655319226,0,0.110433063550363,0,0,0,0.0836647657357537,0,0,0,0
"536",1,0.615936886045423,0,0.0913782055155772,0,0.208195851555024,0,1.32657150085888,0,0,0,1.02486959167923,0,0
"537",0,1.86011912476433,0,0,0,0.0542790788454752,0,0.52441469796868,0,0.0430797414961218,0,0.167531471716327,0,0
"538",3,0,0,0,0,0.0503253937218133,0,0,0,0,0,0.517787574393976,0,0.0809425328664485
"539",0,3.80201812068884,0,0.0865509648879732,0,0.0646593559807466,0,0,0,0.277256354834011,0,0,0,0
"540",0,0.962506292761534,0,0,0,0.292285390769119,0,0.214612093781458,0,0.0101838091647238,0,0.463549874098606,0,0
"541",1,1.11218000230126,0,0,0,0,0,0.364464024980154,0,0.240321169366663,1,0.786815174715089,0,0
"542",0,0,0,0.202916652717436,0,0.316980138224909,0,0.165169448814015,0,0.457433780645068,0,0,0,0.129840870308627
"543",0,1.24887661973098,0,0,0,0,0,0.473619661881529,0,0.157821841992224,1,0.850782774315946,0,0.00146760255191965
"544",1,5.37636999377261,0,0,0,0,0,0,0,0.308905638641271,1,1.39713530706278,0,0
"545",0,4.09194157491447,0,0.104156663954357,0,0,0,0,0,0,0,0.642337671309284,0,0.492205870254594
"546",0,1.24923031069147,0,0,0,0,0,0,0,0,0,1.01861737693063,0,0
"547",0,1.63496439380226,0,0.0402180566901114,0,0,0,0,0,0.305096412869321,0,0.142556268553363,0,0
"548",0,2.94472605670722,0,0.350163013156465,0,0,0,1.12491109905941,0,0.503312035521505,0,0.383627501329427,0,0
"549",1,2.54872770546342,0,0,0,0.107692481457156,0,0.980684291796216,1,1.00727932741524,0,0.732020556491038,0,0
"550",0,0,0,0.439427730257201,0,0.059826682284796,0,0.415870094666402,0,0.428490094746767,0,1.01960775512354,0,0
"551",1,3.59046309536136,0,0.226295061293101,1,0.373244506444672,0,0,0,0.268178935234724,0,0.0356579551022625,1,0
"552",0,2.58514140079043,0,0.277055283782039,1,0.634940111124553,0,0,0,0,1,0.612950310696496,0,0.407686576655353
"553",0,0.222542153781403,0,0.0435305388455376,0,0.275421149467534,0,0.896653290271245,0,0,0,0.461510870727605,0,0
"554",0,0.112525447075811,0,0.217678596289501,0,0,1,0.465996577893266,0,0,0,0,0,0
"555",0,0.231698987688509,1,1.10979387572722,0,0.172498491555434,0,0.475842882957642,0,0.129460995752135,0,0.743890957854142,0,0
"556",1,1.99377255397532,0,0,0,0.347768475612809,0,0,0,0.0343686135847703,0,0.0155279990825398,0,0
"557",2,4.61805431591066,0,0,0,0,0,0.326677487083361,1,1.40214449507687,1,0.907176587558388,0,0
"558",0,3.44438263595461,0,0,0,0,0,0,0,0,0,0.67767432036402,0,0
"559",2,3.77285336757385,0,0,0,0.139577718463765,0,0,0,0.0360999573371997,0,0.402849457477464,0,0.0220586443643506
"560",0,0.705099956319232,0,0,0,0.471303457723774,0,0.797261074554889,0,0.182293840085694,0,0.222838636071259,0,0.063986952887408
"561",1,2.91085828393317,0,0,1,0.704354863006984,0,0,0,0,0,0,0,0
"562",0,0.673867855368403,0,0.162226676237163,0,0.874133612242418,0,0,0,0.190266887021682,0,1.33105814840307,0,0.118664481619017
"563",0,0.898556250867954,0,0,0,0,0,0.0250374355423399,0,0.0379455890320005,0,1.11468640811587,0,0.50542453034611
"564",0,2.13702517778395,0,0.149042357457755,0,0,0,0,0,0.667077253522723,1,0.218015245334445,0,0.1284913823579
"565",0,3.6602843682681,0,0,0,0,0,0.483687787596644,0,0.31227293143557,1,0,0,0.0155296971275963
"566",0,0,0,0.105401323561747,0,0,0,0.677327555940618,0,0.446842530103675,0,0.433265366543164,0,0.0460897032141637
"567",0,0.761045569913669,0,0,0,0,0,1.09778123237025,0,0,0,1.37844750007944,0,0.260419182602306
"568",2,3.74621273587776,0,0.0913218653948214,0,0.376877204869636,0,0,0,0,1,0.543317449441862,0,0
"569",0,0,0,0,0,0.244766681077912,0,0,0,0,0,0.73628155455259,0,0.183105573900483
"570",0,0,0,0.37329700111295,0,0.0690333592432402,0,0.165124379941425,0,0,0,0.888570239231489,0,0
"571",0,3.25596649421854,0,0,0,0.514163561209637,0,0,0,0.117708514242382,0,0,0,0
"572",0,0,0,0.203337811957889,0,0,0,0.32293652417281,0,0.2373335618463,0,0.0815038175132992,0,0.067643428951074
"573",0,0,0,0.108423962588217,1,0.64348753824882,0,0,0,0.0662084657965289,0,0,0,0
"574",0,1.05499603499862,0,0,0,0,1,0,0,0,1,0.116016647806186,0,0
"575",2,0.726687966611222,0,0,0,0.210754310791831,0,0,0,0,0,0.138665268718448,0,1.1357956725329
"576",0,1.99437221433419,0,0,0,0.275083127366976,0,0,0,0.0379415614605114,1,0.126566499903203,0,0.512171489751383
"577",0,0.0807934248705977,0,0.113459642766035,0,0.839736244598558,0,0.40573928570432,0,0.0399769875280651,1,1.20338846319193,0,0.0956434069548331
"578",1,1.33556957384348,0,0.219521754898706,0,0.336156004084466,0,0,0,0.0537559035727877,0,0,0,0
"579",0,0.735814039410336,0,0,0,0.243823409112911,1,0.196765388915046,0,0.400395446072071,0,0,0,0
"580",0,0,0,0.370346602531569,0,0,0,0,0,0.238776961401464,0,0,0,0
"581",1,4.1876838265294,1,0.457801745440695,0,0.251189693520558,0,0.27711016662889,0,0.0516952440474911,0,0,0,0
"582",1,1.07936102273228,0,0.0016027284004011,0,0,0,0.376604638865349,0,0,0,0,0,0
"583",2,0.206477655755755,0,0.535141475439553,0,0,3,0.187958451268592,0,0.143039760786318,0,0.568430592232633,0,0.0558372237922632
"584",0,3.89034366816442,0,0,0,0,1,1.05133054921211,0,0.0563200793095707,0,0.248754650148487,0,0.145413676948103
"585",3,0.720988902446015,0,0.221832882244482,1,0.749845738659427,0,0,0,0,0,0,0,0
"586",0,2.57971957379374,0,0.175446687832981,0,0,0,0,0,0.00318233548760391,0,1.34302945855805,1,0.598410636311989
"587",2,0.0748733207653329,2,1.03397622402475,1,1.36319954839576,0,0.0367395514489197,0,0.237248272705485,0,0.675228845659062,0,0
"588",0,1.17632646373929,0,0.384648968899337,0,0.430548989602019,0,0,0,0,0,0.327944588273845,0,0
"589",1,3.65150924337708,0,0,0,0.512513544466932,0,0.333396445831916,1,0.79922649864711,0,1.12166424837991,0,0
"590",2,2.59964546694723,0,0,1,1.21550504847608,0,0.0238915148502976,0,0.471430626643994,0,0.144915540220472,0,0.348779300434447
"591",1,0,1,1.18139649214346,0,0.102013874636846,0,0.195367107420949,0,0.204177074231087,1,1.91436557470869,0,0.00706383700747389
"592",1,2.22409829885337,0,0,0,0,0,0.50946559822988,1,0.420878041798085,0,0.10020889792638,1,0.381496131055078
"593",0,1.84268684793583,0,0.326799142866445,1,1.58847432805834,1,0.381904719795649,0,0.368783152887788,0,0,1,0.942983602300799
"594",0,0.42973129091896,0,0,0,0.528895384934278,0,0.405278777353934,0,0.230896600714717,0,0,0,0
"595",2,3.55691251923286,0,0,0,0,0,0,0,0,0,0,0,0.0221448277505034
"596",0,3.42647181835459,0,0,0,0,0,0.912367990519414,0,0.612782792921561,0,0.202207243370101,0,0
"597",1,2.5172738954227,0,0,0,0.333802202598686,1,0,0,0,0,0.498959574202476,0,0.198109775402698
"598",1,1.51976680702499,1,0.624790834846028,0,0,0,0.62901847048696,0,0,0,0.661582542180244,0,0
"599",0,1.81285790730189,0,0.384654073755917,0,0,0,0.874957496272055,0,0.0150962151271898,0,0.154747759007119,1,0.953481932972488
"600",2,1.56841040876844,1,0.631934452439926,0,0,0,0.0112565498836781,0,0.275061520350885,0,0,0,0.0409157472267378
"601",1,6.42296796938107,0,0,0,0,0,0.840338864549117,0,0.176759826534489,0,0,0,0.326954776961564
"602",1,2.02955660084272,0,0.0901126542896352,0,0,0,0,0,0,0,0.328203746283555,1,0.812492167883354
"603",2,1.73305630230642,0,0.292187729038138,2,1.77206735061019,0,0,1,0.872779705814267,0,0,0,0.0350320898431585
"604",0,2.4207607926833,1,0.172697079912515,0,0,0,0.675352973770395,0,0,0,0,0,0.603797304204593
"605",1,3.7382935435782,0,0.118156566436317,0,0,1,0.540256206415875,2,1.33764279821712,0,0,0,0.0106191220630512
"606",1,1.16530206182061,0,0,0,0.257985022969823,0,0.310185311964766,0,0.117779018642918,0,0.273858482454372,0,0.164296602229096
"607",0,4.34887468901056,0,0,1,1.15491283710537,0,0,0,0,0,0,0,0.0943083417916261
"608",1,5.59993416205721,0,0,0,0,0,1.47535492243316,0,0.245804199422012,0,0.140018034948608,1,0.930801486618121
"609",0,3.40713329975322,0,0.254513655270174,0,0.0510455045831608,0,0.504767725589976,0,0.275436798925095,0,0.463545817791977,0,0.1720249439931
"610",0,2.80697926674603,0,0,0,0.163937685594706,0,0.603120333316165,0,0,0,0,0,0.337088931284027
"611",1,0.509704463012398,0,0,0,0,0,0.985884387140444,0,0.246288781259011,0,0.750720608094731,0,0
"612",2,4.70295424151021,1,0.655015815725304,0,0.0814893865669783,0,0.323981946812117,0,0,1,0.829426236810397,0,0
"613",1,5.99147661760721,1,1.01934323191972,1,1.35901168135973,0,0.63213041195411,1,1.38747121986429,1,1.64639935653156,0,0.775244657520089
"614",2,1.99830072539585,0,0.224172559622563,0,0.31253284408859,0,0,0,0.300964525861008,0,0.389231009830584,0,0.550904216126243
"615",2,0.50570654028765,0,0,0,0,1,0.645295216206176,0,0.13353485580185,0,0,0,0.0393782099843816
"616",4,3.69268085995548,0,0.554606037413651,0,0,0,1.12924215945892,0,0.134755029471473,0,0.0775595393683866,0,0
"617",2,0.170453201154583,0,0.323386945976124,1,1.15474511658176,0,0.587664274947664,0,0.421107879165658,1,0,0,0
"618",3,3.71813672166384,0,0.406847617430256,0,0,0,0.956981479721544,0,0.481443659467657,1,0.474035753488056,0,0.179302310496447
"619",3,5.599970184566,0,0.403693705478207,1,0.558069655770191,0,0,0,0.190325078513485,1,1.0054427386828,0,0
"620",3,1.66043894902164,1,0.688379207188468,0,0,0,0.189253430095963,0,0,0,0.437604534148084,0,0
"621",2,1.04066456521079,1,1.09130818264581,0,0.593325267728641,2,1.36782903761757,0,0.279777767477372,1,0.720604691540853,1,0.372433604730654
"622",3,4.14669245186738,0,0,0,0,0,1.03078862780535,2,1.14808038831688,0,0.415242281106139,0,0.325629866220185
"623",2,5.54080214155972,0,0.63979028279377,0,0.317686963497604,1,0.681845261347645,0,0.311519811407178,0,0.486699375999691,0,0.520728505995315
"624",2,1.51118063910998,0,0,1,1.00992894269351,0,0.334552265572065,1,1.08590418725398,1,0.620333293504221,0,0.617680606792643
"625",6,5.38753383818035,1,0.794299287600067,0,0.522082528630065,1,1.70587299950533,0,0.292861934733036,0,0.156811482193082,2,1.37840211140809
"626",2,4.99180205381858,0,0.518047745693221,2,1.74797984300363,0,0.515477204969062,0,0.206160992261595,0,0,0,0
"627",2,0.940129518661619,1,1.5669793524749,0,0.233252912450405,2,1.05574585592567,0,0,0,0.138825959458518,0,1.03625576673045
"628",2,2.88279354104675,1,1.16560542796643,0,0,1,1.56159044260736,0,0,0,0.441197355222352,1,1.29776683735092
"629",5,4.29426878500402,1,0.626496984611586,1,0.389323284401279,1,0.705388399838902,0,0.121287056498497,2,0.896713973991694,0,0
"630",8,7.23552821188528,0,0,0,0.128711842761623,1,0.681938160747502,0,0,0,0,0,0
"631",4,6.22574394924275,0,0,1,0.506260110171577,0,0.0923451152403209,0,0.3378423807441,0,0,2,1.43937500080139
"632",2,0.404523546526967,0,0.067087230680825,0,0.0196152352785717,0,0.284285296166758,0,0.13833915232756,0,0,0,0
"633",3,6.82312812738504,0,0.169553441083357,0,0,0,1.6808791508941,0,0.305410053640303,0,0.45435424274193,0,0.09931022185738
"634",8,4.49704481633063,0,0.252915796770651,1,0.715234432979695,0,1.41152534999447,0,0.42799332880519,0,1.27009707793224,0,0.333158198435717
"635",8,7.78734533513625,1,1.30018684507485,1,0.791814783525969,2,1.12839000352203,0,0,2,0.486127550715431,0,0.0993043175916252
"636",11,9.2712420346646,2,1.4578636208455,0,0,0,0,1,0.263647961750862,0,0.619194683017022,0,0.188668583956665
"637",4,5.97346357870061,1,1.30798241092784,0,0.147886964551124,2,1.15498026681039,0,0,0,1.31758781285073,0,0.295942200088849
"638",7,7.17404106163172,2,1.71878532186181,0,0.184875557214317,0,1.0335252464365,0,0.2359470099039,0,0,0,0
"639",6,7.24565670582797,1,0.891769482324699,0,0.0762204257584433,0,1.33796919203951,0,0,0,1.12806886518834,0,0
"640",4,5.23322150172539,0,0,0,0.249349969236256,2,1.6736993538172,0,0,0,0.149428127523261,1,1.20072350415485
"641",11,9.9729929577688,0,0.340541298623731,1,1.76320032704009,3,0.855198444659632,0,0.190366637617849,1,0,0,0
"642",3,6.15545432153904,0,0.222763149288798,0,0.171487979360299,1,1.07027855488488,0,0.123383793669467,0,1.47969189302938,0,0
"643",15,9.48132141509977,1,0.923492149181998,2,1.43976476559611,1,0.919315794183082,0,0.23466148798744,1,0.961109404067899,0,0
"644",7,6.73703586130921,2,1.63042680846739,3,2.31321953325211,2,0.794925099216799,2,1.43926261175777,0,0,0,0.198792814975768
"645",5,8.63337767630097,0,0.039558653693665,1,0.524648425907836,1,1.62993785348273,0,0.00519545190840309,0,0.64308080862838,0,0
"646",9,7.78684673518844,1,0.640044711625106,1,1.10120927996314,1,1.3851713874683,0,0,0,1.25119297292548,1,1.16281928759317
"647",13,9.67233677633046,1,1.07220482338856,1,0.440980104941222,1,1.20138891477475,0,0.121262012528594,1,0.995836687094689,0,0
"648",3,9.07873897987697,0,0.203301617710029,0,0.518420033001229,0,0,0,0,0,1.43597532512244,0,0
"649",13,10.0246102949097,0,0.0716537221751675,2,1.61291674387992,2,0.735256015823458,1,0.792951378479471,1,0.674949154926911,1,0.420477250895861
"650",7,8.50035512194014,1,1.03756624617366,1,1.26621044544158,1,1.99189291220032,0,0,0,0,0,0.157464761481172
"651",10,9.52219354487489,0,0.13370405691816,1,0.721371186369433,2,1.58489296884181,0,0,1,0.848972410812642,1,1.1304231510521
"652",7,5.83881217494225,0,0.0636811299016141,2,2.05402463255514,1,1.92343173505765,0,0.0868129709375135,0,0.104367506957082,0,0
"653",9,6.15385348774114,0,0.508084159120123,2,2.10418344074677,1,1.55162493331597,0,0.490352107763052,2,0.513132462250177,1,0.691281556372916
"654",9,8.09581718910646,0,0,2,2.28555630784236,1,1.41659989895235,0,0,1,1.14917425642069,0,0.36839933623976
"655",7,9.91380936514378,1,0.52136488993959,0,0,0,1.06549334894739,1,1.12722782445313,0,0.982397207247276,0,0.391130957409218
"656",6,7.13226406286604,1,0.20289545717307,0,0,4,1.96653854133957,0,0.41381168887397,1,0.829480233379997,1,0.578163361563353
"657",8,6.23973417828182,1,0.255649723961553,1,1.13902206276337,1,2.42413967552809,1,0.383049940157175,0,1.32303704794976,1,1.66005331074083
"658",14,10.7820002928804,1,0.915676115548534,1,0.628944819153002,1,1.47725849381225,0,0.237765887157896,0,0.215037766914979,0,0.218693437931797
"659",11,8.87839241063287,0,0.0114067265953139,3,3.0409150280648,1,1.84547442967787,0,0,2,0,1,0.954135207861444
"660",12,10.2483057194694,0,0.335555959137838,2,1.83313710225911,2,1.64991103517073,0,0.203478130249996,2,1.34614586319863,1,0.434077558796606
"661",15,11.4726917752855,1,1.52460491565494,0,0.357549810195258,3,0.986346200056103,0,0,1,0.897360912513875,0,0.151364139825023
"662",12,8.84545277486639,1,0.866591605485405,0,0.168709312241724,2,2.39702077091086,1,0.680352514239295,2,0.396210976327612,1,0.959698320110876
"663",16,10.0746030136597,2,1.204629622463,1,1.06153148683621,3,2.544123409113,0,0.20028357374773,4,1.83924961782061,1,0.751061870084138
"664",11,7.72518954087395,1,0.557805869980165,0,0.0665468862790262,2,2.09134068050712,1,0.361788546206874,1,1.61659421609176,0,0.624018234660907
"665",7,7.90325983602916,2,1.61904744056043,2,1.90148407064925,1,1.2156947027008,0,0.1322045595755,3,2.42018054344466,0,0.577858794750415
"666",14,7.32811906927552,0,0,1,0.840419677272755,1,2.01382397485358,0,0.175135198928037,0,1.04799803675182,1,0.807080752810122
"667",8,9.32573795635397,1,1.17301757134922,0,0.331572519173512,1,1.94581560246162,1,0.728626201030728,3,1.53269708769152,0,0
"668",10,9.76564878773426,2,1.49721412710433,1,0.708116195711512,2,2.27272756533614,0,0.222240680664799,1,1.01218521993195,1,0.671249566143873
"669",7,5.11982973088021,2,1.63668565312757,1,0.678300977702696,3,3.24083506780604,0,0.0557178740691986,1,1.1010026801367,0,0.180604819642006
"670",11,7.64372935970432,1,0.821785862920291,0,0.294439618644203,2,2.7349488391816,0,0.347504581717552,2,1.91247501415461,0,0.513473980453903
"671",15,12.3963989840643,1,1.08344772983888,1,0.891790896658346,4,1.90639626513141,0,0.351907554523272,1,0.612167788058542,2,1.22592974365753
"672",9,8.84447286067357,1,0.976652191465783,2,1.68797590257876,3,2.24343299786489,1,1.04237378241176,1,1.49966247893887,1,0.935928383387537
"673",6,5.78646049332903,0,0.76809785513982,0,0.444577170149432,0,1.92043780836598,0,0,4,3.02009706535171,1,0.921839301401506
"674",17,12.4603939982836,1,0.194391356827516,1,1.39524702593964,4,2.54869421443111,1,0.927638829693475,3,2.50894442380389,1,0.817693010423583
"675",9,8.70566174141615,0,0.330691423087554,2,2.00533900469413,2,2.33566846780352,0,0,3,2.38996573089365,1,1.19426253838599
"676",12,7.58089079695094,4,3.11347677039847,2,1.79909798400335,6,2.63838125929804,0,0,3,1.92103570505653,2,1.94825360913196
"677",15,11.6453744736386,2,1.79589402748271,1,1.60224031166702,2,2.09080122768207,0,0.515587654793189,2,1.2795747517661,0,0.376223424652773
"678",11,8.05186214316434,2,1.14073351087636,1,0.870924718602091,1,2.03988661781231,1,0.863945338832278,3,2.08526678903668,0,0.115104007090177
"679",10,7.69286637388186,2,1.84448239888441,4,3.15920531354314,4,2.35122194962903,0,0,0,0.192269457676043,3,2.17461214247056
"680",13,8.84789139789268,0,0.377557000122324,1,1.34885685983442,3,2.59676783670547,2,1.27966744438112,1,0.8298331142983,1,0.718514020401172
"681",8,8.20856562561529,1,1.12848956829036,0,0,6,2.88244391301185,0,0,0,0.793085264016843,4,2.62518611834662
"682",11,7.20179720323805,0,0.0274405243604177,1,1.1947283699541,4,2.7328707164575,1,1.18537726490756,0,0.489303831378119,2,1.43696876338453
"683",4,7.34924913604466,1,0.973142439079818,0,0,6,2.25628072778404,0,0.686098027716051,2,1.34084099357628,1,1.0542392852863
"684",13,9.34316193187626,0,0.578804969910787,1,0.580680704853076,6,2.39504168917464,2,1.63219051153197,1,1.90298655010806,1,1.22803473414993
"685",7,6.93656124551268,1,1.21436097122651,0,0.513197437385689,2,2.60899952542097,0,0.247501426407327,2,1.49474113046163,1,1.55664509840809
"686",6,5.99554470133336,0,0.0293650873728224,0,0.0417893536739539,2,3.05290220969739,0,0.471064338578256,3,1.0939371191618,1,0.905560896500711
"687",11,6.08063851287303,1,1.10758893229048,1,1.31292273885592,1,2.82956486469164,0,0.301537555721506,2,1.25518548267827,1,1.76671229491224
"688",9,9.16949815355375,0,0.506556465432422,1,0.883287740218573,6,2.82574076686197,0,0.0717765325242571,4,2.3391734900525,0,0
"689",9,9.50896059280507,1,0.967734228010632,0,0.603381240090874,2,2.78292457892656,1,0.762167771627334,0,1.32950414951719,0,0.337648215634722
"690",10,7.81384294606392,1,0.95988040573328,1,0.907907075347059,0,1.72432681511695,0,0.395798195197296,2,2.5406126109598,4,2.49268973575518
"691",7,9.68342346684413,3,2.54170250041045,3,2.95244086364363,4,2.27474977069547,2,1.5458853479809,2,2.45928600795691,2,1.78578906760019
"692",13,12.3867162586971,0,0.153698899237419,1,1.25806677513368,1,2.42855308703255,0,0,2,1.75695262747195,3,2.77511145540487
"693",7,9.16431691195126,2,2.07023417139007,0,0.184670474195102,3,2.40843298908246,1,1.11258651485657,1,1.91949138061749,0,0.459023468968776
"694",11,7.28230275938662,0,0.429744174806665,1,1.51418584798096,3,2.84320691490986,0,0,0,1.04806512268145,3,2.46244290839474
"695",8,12.2883862434361,1,0.688321113901483,0,0.60230377298243,5,2.89919187592921,0,0,2,0.373728894800965,1,1.5724346787519
"696",12,9.78469262732885,2,1.85769908371102,0,0,3,2.06388131405158,1,0.645514159881679,1,0.593229070636476,2,1.64933196125521
"697",7,7.10326388436636,0,0.428680911443275,0,0.782446444303975,3,2.43749888302402,1,0.822413233144269,2,1.94496849062242,3,2.28117046195456
"698",13,11.5293757903676,1,1.03796286558115,4,3.38341942196159,1,3.04760116275202,0,0.022493570522827,2,2.38402124658291,1,1.55606876729477
"699",13,10.2715524436465,0,0.511218319073725,0,0,2,2.45868968232532,0,0.022178944715295,4,2.15529521491106,0,0
"700",10,11.5923287688496,1,0.858107172711889,3,2.74027316615273,4,2.11772222841303,0,0.238794388828423,0,1.50033841217274,0,0
"701",10,13.2448151578598,1,0.938227155280478,2,1.49802637880247,5,3.45403862040595,0,0,0,0.542069703556863,1,0.684884812169976
"702",12,9.94484840512408,1,1.18062160867387,1,0.957918692961295,7,1.90422333761762,0,0.236394143840583,1,0.50290258726543,2,2.14254651882912
"703",15,10.6956045490415,0,0.210072885902785,0,0,3,1.60619208724288,0,0,2,1.81969560146224,0,0
"704",12,10.6494063633613,0,0.447478701445189,3,2.39413966618751,3,2.49893591719079,1,0.733900561125299,1,0.810496566196989,0,0
"705",14,10.4502488277379,3,2.01571082691877,0,0,4,2.70499796494428,1,0.905550263565631,1,0.00343155499035974,0,0.215272248283949
"706",9,8.32863688147331,2,1.70521144464464,1,0.618624462070622,0,2.23682416478623,0,0,2,0.6545179791515,1,1.09149393118402
"707",10,11.2062376092483,0,0.391690522193554,4,3.15127027148354,3,2.15302132532161,0,0.368136811380268,1,1.13948949444043,2,1.35827284038337
"708",9,10.2726196693043,2,1.559691871597,1,1.25701772356165,4,1.64263859868669,0,0.072438475196837,0,0.729728991950428,3,2.38956233951721
"709",11,10.7330134727727,2,1.33570572295132,2,2.08485636288454,5,1.41783213573891,0,0,2,1.43249341045498,0,0
"710",5,4.06595494838092,0,0,3,2.94692449610955,4,1.85216684757061,1,0.497051388412416,2,1.74107320599021,2,1.40540255129891
"711",9,8.47926768342125,2,1.72555129341138,3,2.85226751414178,4,2.72690554737057,0,0.115973640385899,3,1.36859272419413,0,0.541569142680405
"712",15,14.6629970079179,0,0,1,0.928821557694818,3,2.22130327824776,0,0,0,0.440367324852214,0,0.210848142783723
"713",8,8.78171832442788,0,0.487711539407987,0,0.42370093872305,2,2.77392257907724,0,0.653907843589979,2,0.414112809975007,1,0.839735800504291
"714",9,9.74186858341211,0,0.174754214207491,1,1.60538342762559,1,2.07610284916637,1,1.03693389368576,3,1.05010680036273,1,0.618726024941278
"715",8,10.0691531691492,0,0.611678559799262,0,0.22502143774754,1,1.44392764115506,0,0.158095428654486,0,0.820516931105527,0,0
"716",7,7.6863697398787,1,0.692427726753524,0,0.344816322787479,2,1.28851546447005,0,0.260545501035716,0,0.448427295657894,1,0.426329367794067
"717",5,4.32352349316677,0,0.119088699112182,2,2.04747665680226,0,2.19089143539933,0,0,2,1.82769180675618,0,0.381905163633552
"718",9,7.79688583159895,0,0.333699309490535,1,0.412744897218655,2,3.09870644992339,1,0.650139005696795,1,0.656939724879823,0,0.619992234784481
"719",13,9.38626561188269,0,0.302228318901413,1,0.590371027915782,0,1.66482048909098,0,0.184296277114167,3,3.31689634933741,1,0.96944007192483
"720",6,8.45485744140376,0,0.346890626968765,0,0.459162516446663,0,0.676505129970271,2,1.08532566589785,2,3.06066766397542,1,0.732530301417459
