N1,N2,N3,N4,N5,N6,N7
2.65466854,0.363907814,1.132075377,0.32469919,0.558304355,0.64904429,1.243416145
2.891941249,0.229919851,0.706215911,0.257045217,0.401921071,0.474894606,1.130288094
2.364180207,0.476746619,1.07493069,0.485735387,0.386591949,0.389161147,0.424008816
2.212349206,0.304822803,1.197025292,0.291123241,0.518330298,0.288785808,0.638663322
2.62327908,0.320026368,0.89784611,0.185497105,0.437209684,0.366375688,0.337774344
3.506402478,0.422697514,0.595204197,0.505884178,0.299942091,0.497285649,0.045426711
2.816986948,0.268640608,0.316162985,0.108410697,0.393919699,0.523203798,0.660310984
2.194706172,0.526756465,0.91726061,0.05743308,0.158411294,0.967069995,0.634863377
2.672861964,0.099098831,0.861927476,0.218295865,0.229295474,1.240077429,0.24386175
2.449021131,0.175511062,0.516257063,0.087098032,0.248252302,0.711638667,0.022714064
1.965542361,0.418384939,0.470124409,0.097337179,0.129421614,0.73342612,0.074193552
1.840083897,0.386909127,0.770541206,0.475479662,0.11904199,0.658787973,0.391286984
2.574848786,0.474620312,1.221112199,0.715237949,0.082592428,0.862264168,0.597970895
2.537522823,0.338876486,0.901136175,0.681332685,0.228844367,1.113435067,0.486048311
1.799209282,0.650443077,0.625560768,0.686327461,0.289409474,0.870026182,0.260576159
1.171744894,0.21810174,0.394072384,0.983250421,0.126872558,0.96209636,0.389341414
1.742553726,0.491851687,0.509252362,0.592771359,0.544474714,0.543035008,0.171449855
2.150942862,0.316988796,0.516009238,0.731892977,0.553451627,0.258833729,0.219731927
2.199575871,0.22487694,0.235457886,0.681350566,0.837649763,-0.158873014,0.434114039
1.862522736,0.300858736,0.190813299,0.321446732,0.630614191,0.215770118,0.220851414
2.190734252,0.28792277,0.312290937,1.153728552,0.425046809,0.551975332,0.4579027
2.415119246,0.421854675,0.642497018,0.392850395,0.638385668,0.393451471,0.416779108
2.449913532,0.249460727,0.797782503,0.214652158,0.648943529,0.094084628,1.141311079
1.225655794,0.229919851,0.647633336,1.034991164,0.276516519,0.3708723,1.00902684
1.832537279,0.611880124,1.211491115,0.174569525,0.910351694,0.748495292,1.348141283
3.849652588,0.508338869,1.304386854,0.183052663,0.282284342,1.26416944,1.421631277
3.730099484,0.470868528,1.875224859,0.326579437,0.724042878,1.749223471,1.134176403
3.86645022,0.654329896,1.245074831,0.292268209,0.714660048,1.090114657,1.092059463
2.880619481,0.9324736,1.155019328,-0.079445541,0.724569529,1.039930526,0.437853672
4.509927779,0.920798659,1.20582819,1.255592331,0.722902946,1.783335395,0.223809965
5.276045889,0.497122437,1.141033173,1.481227949,0.349909961,1.758161187,0.932678431
6.806890279,0.853576183,1.651790254,1.288015582,0.522327438,1.99870225,0.587839894
7.739860713,0.855976462,0.924921837,2.736459114,0.251503222,1.366308797,0.592135973
10.85291123,0.947053254,1.599852741,2.77396515,0.309060499,1.465313695,-0.019981414
13.95776254,1.367865682,1.595232859,2.293412946,0.428966917,1.252074819,0.33726953
16.25229132,1.262278438,2.149278224,3.31344828,0.474268354,1.719120704,0.139458515
17.18499959,0.831820488,1.966338158,2.588883787,0.515799522,1.758517511,0.207411684
20.92069781,1.912265539,2.232174575,3.569247946,0.553652003,0.785049796,0.766816214
27.75554979,2.104594231,1.750065498,3.277024627,0.46982123,1.49598578,1.119558364
29.59226906,2.494562149,1.955536231,3.972207755,0.418236218,2.392897569,1.579760015
36.16998279,2.195869446,1.876705885,6.176862866,0.295010846,3.164688498,1.506123841
37.50946724,1.936720252,1.869156361,5.326968431,0.46094466,3.561947495,1.086576581
40.3516798,3.060981274,2.313961387,5.41100204,0.941895515,2.748397738,1.381862462
39.16576982,2.363083839,2.171383873,7.594489306,0.946163803,3.309957311,1.055662632
40.72073054,3.506527424,3.067741469,7.087168097,0.692162454,3.2201536,0.469749644
38.46446061,3.38959074,3.854011595,7.424960285,1.248089522,4.589302093,1.397572905
38.50442839,3.349221706,4.001868367,9.231940657,1.050181329,3.883644566,1.561885625
36.36398256,2.869341373,4.619898498,8.790186793,0.978543654,4.739104956,2.326723784
39.52294755,3.249238968,4.082316756,8.794816583,0.934261099,4.258696735,2.506966293
35.20147431,2.530763626,4.189261794,10.68266332,1.419873327,4.002895951,3.21003437
34.79410696,3.75601244,3.892411888,11.89018115,1.402391076,5.202563852,3.211630881
38.38903236,3.170650482,4.392925501,11.73663959,1.06163311,6.145780534,2.943310142
38.2029736,3.011639595,5.186912119,10.93175188,1.56190908,5.56538105,3.746501505
31.52305055,2.907454014,4.574557096,11.11786589,1.927335918,6.03460148,4.368986487
29.39647996,2.600682259,5.158908069,9.784328938,1.488573164,7.031911612,3.790769279
30.19592154,3.147143841,5.272193849,9.620895237,1.420442849,5.340223014,3.894990385
27.61452329,2.28446579,4.633292556,9.235420823,2.114859194,6.721417606,2.493227869
26.1690855,2.926269531,5.229234695,9.132485837,1.608470351,6.494064629,3.095444441
27.77735245,1.626769781,4.993949533,8.245866746,1.493437678,6.507632136,2.888708115
29.14040399,2.107215881,5.807020962,6.514969468,1.85428977,5.264535546,2.269230336
26.68344808,1.837222934,4.34145838,6.420338899,1.359765872,5.470151454,1.888899207
26.16297007,1.867147326,5.292977393,6.626388431,1.375764132,5.716693401,2.641875744
25.04558468,1.497976184,3.378751203,5.398305506,1.21851337,4.97848466,3.96430701
26.8017478,1.434286714,4.347276986,5.393581837,1.073094487,6.534882635,2.680039406
25.68629217,2.013807774,3.956085294,4.701153189,1.255342066,5.487086624,2.6647681
25.46480238,2.254395962,4.063889086,4.591510072,0.890220642,5.707336962,2.973600626
20.43308914,2.408712864,5.017975867,4.24182713,0.959682554,5.155740678,3.072659075
23.08592248,2.942732811,4.319291711,5.327879637,1.21881628,4.972740263,3.303835988
21.46378255,2.296554089,4.07599926,6.941500306,1.511386186,6.888686866,3.166822791
22.64754534,2.662409306,4.750909209,7.444527,1.788250625,5.972554535,3.199873269
24.26366723,2.670474529,4.184969366,7.314176112,1.583387792,5.996403098,2.658009231
27.62111664,3.449476719,4.868966639,8.212446421,1.3750709,5.210486054,4.411813319
26.59160554,2.947183132,5.57346046,9.307488799,1.298520625,6.085538864,2.347645462
25.59408045,2.90489006,4.753528833,9.70473662,0.257552128,5.215963721,2.800621688
31.26484096,2.998384953,5.017017424,8.965157717,1.093210414,7.108301669,2.722816169
30.08748353,2.445759773,4.665602446,8.40691179,0.968844667,7.011816651,3.598549366
30.51302278,2.59951067,5.322141945,8.208817989,0.943650395,8.131350577,3.446441591
26.04913235,2.785659313,6.040476859,7.420969009,-0.017147578,6.961201876,3.635615408
26.78669024,1.955079436,5.252203345,8.229414374,1.104469746,5.929611623,3.688544333
22.10619557,2.173653364,5.998936594,7.960198075,1.293665498,5.494684726,1.916634887
24.51535368,1.825796962,6.59036994,7.805916667,1.182468027,6.810911745,2.945033908
25.3206321,2.340648651,5.619096458,6.91626668,1.848759145,9.412307292,3.579414785
21.97688806,2.431913614,4.467133731,7.364013791,1.795763731,13.87642026,4.858956337
24.93862796,1.965038538,5.809112191,8.112600446,0.850384794,9.592226148,3.240851164
31.06250155,0.741698921,6.249408424,8.763933927,1.751744241,12.95074373,3.021759093
27.0720048,1.903092265,4.961842597,8.016595989,1.951873571,11.9032748,4.330868423
26.39959896,1.764088511,6.36199683,8.726311475,2.824637622,10.40133238,3.517104983
29.38125026,1.442056894,5.627610683,8.090095967,2.565426499,10.37660316,3.466993272
29.46979272,1.411506295,4.344126284,9.086010605,1.834342927,8.438257128,3.247781992
25.07069421,1.575014114,5.129540563,8.505614847,1.866783798,11.67986691,3.604644537
23.3128233,1.932981849,6.25200212,9.511309117,1.893919349,10.85217744,4.138207734
26.20564222,1.760281444,5.191614926,9.349817783,2.053389579,8.947787434,4.142925441
24.55724895,1.222204566,6.416929364,8.745358139,1.662388057,7.94678852,3.224755824
23.97317266,1.438947797,5.777809024,8.629079908,0.851319447,5.586934835,3.317964077
23.69145715,1.837292075,5.511356592,8.919224888,1.090141356,6.890627742,3.766895235
28.27144122,1.794127822,3.444866762,9.09916535,1.851010531,7.764513046,3.840374649
29.34690189,1.422465801,5.13918668,8.226984739,2.14377591,7.558635622,2.790780663
27.84865618,1.801000714,5.660334527,7.433754951,1.218441084,7.393650711,3.211951852
23.6228193,2.11765337,4.654207081,7.919759303,0.810808674,7.044827193,3.33782196
26.11120629,1.94455564,7.140039504,6.604526937,0.993485272,4.980450124,3.776634336
22.14839435,1.43150425,4.901421368,5.365434289,1.533560842,5.365156382,3.049788773
17.47844428,1.357115507,3.98363024,5.556412041,0.79276368,3.571676463,2.35390991
17.9153254,1.824034929,3.058666885,5.311334878,1.852310836,6.613638997,2.769143581
19.86574876,1.379997849,3.382796645,4.1728504,1.157938927,4.803681374,2.070065439
17.26468372,1.153629661,3.607079387,4.14224267,0.898159951,6.08593002,2.140200734
15.04864544,1.443511605,3.878900707,4.993081093,1.067637503,5.358133465,2.301903516
15.56010544,1.295320153,3.652749583,4.476514459,1.38289693,5.258303881,2.163303345
13.57739145,0.850575924,2.355231419,4.036793858,1.266386211,4.923759401,2.104624808
11.83316475,1.241522789,3.891008198,4.781857878,0.936008364,4.921162128,3.304686844
10.42761433,1.327354193,3.49878341,3.96514684,1.105941743,4.970480502,1.960823387
10.59294176,0.978288293,2.557589114,3.620593995,0.823252372,4.655982181,1.699187309
9.281670421,1.026780486,2.96085164,3.686974943,1.00701268,4.918362945,2.455131263
8.867614597,1.107671261,3.884285688,3.429730609,0.935412556,4.019949585,1.880908012
9.67924118,1.043694973,3.09316121,2.756888606,0.780182086,3.868142888,1.316946149
10.38391614,0.941517234,2.760184184,2.139620297,1.083335042,3.61437723,2.197399139
8.816723406,0.660981536,2.344014421,3.773576021,1.153845459,2.66519282,1.738759279
9.967738032,0.829295158,2.510168776,3.664766997,1.335734427,3.697800264,1.868492216
10.55160141,0.443884462,2.452878356,3.653098643,1.090594888,2.887727134,2.365394384
8.400105327,0.612021744,1.947117448,3.522317111,1.230171472,3.463553637,2.334379256
8.027760744,0.663681865,2.244481668,3.60548608,0.800867274,5.141632259,1.555286497
7.970740527,0.599104285,1.969665885,3.443586081,0.911800534,5.200356245,2.248881459
7.91366142,0.553106666,2.205375507,3.054994717,0.894282714,5.683493614,1.153448373
7.140140802,0.281812668,2.090815008,3.327447176,0.906925172,5.209603906,0.911486
7.759838939,1.0023278,1.993609518,2.926961705,0.910515875,3.714385256,1.064240038
8.022816867,0.359924376,1.921511292,1.628590934,0.737768732,3.303574026,0.542658344
6.933852404,0.488912702,1.489252634,1.627144776,0.977732345,3.779092059,0.365382135
7.875458062,0.804672003,0.978951976,1.153894328,0.658269718,3.505768999,0.83029151
5.926213622,0.910300195,1.542919278,0.911827758,0.602117211,3.311569616,0.722924769
4.799285322,0.445779562,2.093940452,0.445841812,0.567718476,2.292724513,0.209154151
5.049047112,0.593477607,2.039092407,0.672065094,1.053272814,2.354200929,0.165907145
3.475091726,0.877441466,1.472895071,1.402101107,1.397337765,1.298205554,0.061369687
2.59918794,0.415602654,1.317225918,0.317316968,1.106867373,1.635253429,0.592671968
2.721201375,0.397094786,1.036972739,1.292174123,0.826134771,1.705938578,0.584400743
2.967701599,0.600500107,0.997355171,1.805847511,1.057744294,1.909817755,1.448835433
2.062906057,0.313053876,0.767396819,0.851612538,0.729988024,2.018513344,1.572400481
2.28201592,0.277637124,0.625607483,1.73893217,0.763818488,1.152695902,1.62456125
3.278368041,0.425447702,0.755182989,1.667888835,0.893041551,0.790394656,2.021023184
2.734269157,0.381242752,0.965866372,1.658103243,0.619211227,0.744211674,1.282644868
2.288218841,0.227220476,0.779392216,0.971654803,0.805202633,1.104102284,1.174705178
2.150474012,0.436140031,0.990659036,0.665558595,0.602048472,1.151914708,1.075810567
3.207107067,0.186498135,1.053082198,1.120846905,1.08544749,1.589698344,-0.124693811
3.664269641,0.145680517,0.728232153,0.032926537,0.942835644,1.802683622,1.105248332
3.536949366,0.2768538,0.541191213,0.22236798,0.666503176,1.53566096,1.860405505
1.927979991,0.201585442,0.790528804,0.617159344,0.578882888,1.860881597,0.959099978
2.862528831,0.170888245,1.083146855,0.787030905,0.141026467,1.682560146,0.59804447
2.901608169,0.081510544,1.118351519,0.686540827,0.470623255,1.195655763,1.455382556
2.032319531,0.169723213,0.988488123,0.887782592,0.901815221,0.522666425,0.628688037
2.077243924,0.131369054,1.103740409,0.95927082,0.678673744,1.060372777,0.520916469
1.335927308,0.131369054,1.347777843,0.295760296,0.759404063,0.929442234,0.363210887
1.399759725,0.131369054,1.158420034,0.414463039,0.80605045,1.169493701,0.020584501
1.596438959,0.131369054,0.935819875,0.327693112,0.777067602,0.87779779,0.541987307
1.671754524,0.131369054,0.527077261,0.13025552,0.664282352,1.220583636,0.602098331
1.706164613,0.131369054,0.484246127,0.074132532,0.52809114,0.932388753,0.068330914
1.43078877,0.131369054,0.511590354,0.007967092,0.398872901,0.994864013,0.083830655
1.914650887,0.131369054,0.870517362,-0.069013052,0.338916589,0.865511224,0.335318781
2.222554058,0.268516511,0.751714054,0.250365306,0.547589563,0.606207363,0.273623988
2.551163927,0.314389974,0.775134489,0.184718799,0.376693603,0.559881143,0.205956176
2.476655826,0.291234791,0.804455504,0.129869021,0.638940901,0.688940845,0.314982124
1.533299059,0.201187491,0.822869428,0.449642912,0.391680829,0.892672315,0.138504244
2.154558048,0.476746619,0.703208148,0.170088466,0.317030631,0.636426918,0.169464722
1.695956081,0.15241909,0.600044578,0.13933694,0.299750295,0.652709231,0.130725764
1.788952902,0.145680517,0.506293941,0.620763935,0.23465227,1.21715311,-0.062483549
1.55159384,0.2768538,0.48312664,0.767174549,0.296781424,0.956208538,0.235874243
2.622826934,0.342171907,0.401002653,1.579510607,0.116911601,0.941526517,0.204515532
3.239003882,0.519743443,1.081462204,1.314300951,0.300881803,0.605269149,0.352391377
4.243146673,0.5788517,1.049920321,0.912847742,0.272879921,0.21614749,0.214074329
3.815423131,0.734417498,1.249445491,1.457373146,0.33736378,0.13005808,0.647421628
4.148605138,0.857030094,0.989747979,1.137719676,0.311850481,0.294332579,0.652645528
4.539845288,1.076437593,0.664061923,0.528311823,0.196217123,0.628877059,0.760707557
4.930723608,1.001302481,1.160924546,0.678416993,0.246645749,0.18349383,0.995359719
4.030426025,1.083759546,1.32441245,0.952112582,0.593446963,-0.09114407,0.574542917
3.162869811,0.793886185,1.064312831,0.144970976,0.560324594,-0.132844038,0.701781064
3.673945054,1.396896482,0.814985186,-0.046028383,0.498230174,0.373112783,0.727636367
5.185690314,0.988954425,1.012244001,0.786512159,0.695694692,0.733226724,0.215264075
7.282497406,0.997391343,1.51644554,-0.011350401,0.485261597,1.213103812,0.658473372
7.573131263,0.957736373,1.425993294,1.197496429,0.897688895,1.446980052,0.489264652
9.61610496,1.449474931,1.411590278,2.112602256,0.82607156,1.197457872,0.886046812
13.24357355,1.591426492,1.400828585,2.13000793,0.458851613,1.264386624,0.969957411
15.6817528,1.127834558,1.908773035,1.575789973,0.709301896,0.886509661,1.330899298
21.24904692,1.798211455,1.903039813,3.183887154,0.379378859,1.207470149,1.153290793
22.42535567,2.135901213,1.430141106,2.641170099,0.752429239,0.955498498,1.184068546
30.7421478,2.15787077,1.820120998,3.693106771,0.831952035,1.279547904,0.919857994
29.60899591,2.09748745,2.389368564,4.150979966,0.568464749,1.157595217,0.723845065
35.16326642,2.181413651,3.273309097,4.089590907,0.750928245,0.976058096,0.7484366
35.91565084,2.13676548,4.090126455,4.229620099,0.757034391,1.868455485,1.367457509
34.06165659,2.321600437,3.738291711,4.954628646,0.825231515,1.563326828,1.490423977
37.32565987,2.228262424,4.937203825,4.558717459,0.882362276,2.703505382,1.904042363
40.04364753,2.789979458,3.195828348,6.520485878,0.954024047,3.828515857,1.849850416
40.07909441,2.754354954,4.207582176,5.893223733,0.698852569,4.186972231,1.788929999
35.82491362,2.5426898,3.218316436,6.532604247,0.858447239,5.13657555,1.582803428
35.46082544,3.343630314,4.229774773,7.114835829,0.998336747,6.059806794,2.373874933
41.30613184,2.845998764,4.642971307,9.297437221,1.046135843,6.268390268,2.601633072
36.93083143,3.975574493,4.483930171,8.830984682,0.878294259,5.34318015,3.032395542
33.91856897,2.523437977,3.985797465,11.48274243,1.285752058,5.518290401,3.768598139
33.48562324,3.722073555,3.681819588,11.25005484,1.249129057,6.306118518,3.285554647
31.70129061,3.554740429,3.193341717,9.936417639,1.14800024,6.431753933,4.332772195
29.27299118,3.613223076,3.844652474,9.368701279,1.440367788,5.714257061,4.80366379
30.26002264,3.022265434,3.95167619,10.65626964,1.431054115,5.556816608,4.374068081
33.02879333,2.713068008,3.56936194,10.28424874,1.627387881,5.249202251,3.668075502
33.67663324,2.685985565,4.110988677,11.13124564,1.068215996,4.636978731,3.610266745
33.58752227,2.436175346,5.140723586,9.578374028,1.488866061,4.66607362,3.627531826
32.28429103,2.716544151,5.351395011,10.14576554,1.406149298,4.771430418,3.886978328
35.46009612,2.705895424,5.028188825,8.296250552,1.427197844,4.7794424,3.339102566
31.18723834,1.866842628,4.684471786,8.181046695,1.040708899,4.785552621,2.771477997
30.56769025,2.348280907,3.903126419,6.578725576,1.239390433,4.903744906,3.106150925
26.69324863,2.074477196,4.169774652,5.992113054,2.423363,6.59257248,3.511928916
25.02194965,2.068935394,3.78474623,6.999117136,2.998882681,4.939496517,2.85081327
20.87855792,2.175465584,5.592669547,8.270464092,1.485440791,5.255881697,3.021554351
20.49588108,1.75524509,3.691055998,7.202402502,1.93712002,6.251151115,2.545956671
22.74569809,1.619653821,4.174193144,7.262440026,1.578605473,6.614991277,3.226276338
22.88745391,2.326541424,4.2381531,6.62496388,1.724536717,5.414098501,4.432471693
22.74448633,2.591956615,4.14841041,7.038947195,1.764382839,6.134115905,2.762344182
21.65028298,1.89106369,4.2062518,7.190769911,1.940546751,5.46740666,2.13073045
24.40507197,1.702795625,4.354610145,7.090366632,0.875007719,4.53831926,3.026936352
25.36045039,2.261500359,3.439416513,8.335638046,1.595428914,4.32055369,2.240482718
28.28930509,2.027821064,4.41134423,8.44957307,1.626233816,6.104830652,3.549501598
29.18131852,2.02554369,3.932060301,7.197616249,2.111658394,4.624718428,3.114025891
29.77810585,2.498627663,5.983255506,6.765870005,2.661944479,5.788063258,3.404147029
29.83878684,2.978377342,4.441377819,8.196494728,0.330083542,7.189878076,2.861864567
31.53763473,2.502055168,5.615922511,7.704044133,1.354979068,6.111875176,3.910158575
30.03221583,2.200062275,5.511037409,9.553863108,2.263307601,5.779924244,3.946857154
31.48246443,1.969984412,3.929623961,10.31106263,2.196132749,6.784465164,3.458786309
27.7864033,2.039762974,4.858996868,9.07465443,2.012328267,9.253557026,2.645759284
29.08167315,1.92672646,4.429004788,8.438610286,0.741097361,9.292694926,2.723086774
31.46161079,2.188484669,6.369661689,8.525180072,1.1284917,7.626084983,3.494782448
28.33382773,1.920910597,4.641630203,9.236005694,1.13139981,8.881957829,2.98255682
28.41140091,1.772699237,5.745552778,8.89666751,1.284794509,7.610708475,3.291316926
27.08876336,2.168954849,5.389890075,9.581737965,0.908926219,8.021948487,3.041769564
30.87313139,2.650218964,3.60484086,10.90020239,1.069943547,7.479466498,3.322579265
28.06064665,2.39234519,4.513674974,10.36516875,0.892127395,7.410731912,3.138273358
24.55954111,2.268192768,4.965194464,9.644619375,1.292041004,6.960552931,3.551606834
29.02635562,2.12234211,6.433981061,8.451161534,1.318682447,6.757801771,3.245658576
30.22087932,2.211544991,5.563826859,9.530085325,1.565318495,7.068364322,3.281162083
31.7679534,2.566398859,4.240739644,9.900873899,1.354759812,7.908713818,4.113384187
23.39440095,3.135177612,7.617665827,9.353262931,1.162780493,7.919339836,3.777314723
28.32603395,2.221564293,5.797378421,8.111253381,1.202842951,6.785465032,3.715898693
25.99661434,1.86563623,5.394237041,8.008811623,1.659972697,7.593920827,2.833800316
24.0145787,2.134621143,5.972411335,7.315585762,1.806000322,8.659312874,2.968683243
21.81957185,2.337892056,6.600219011,7.898683101,1.486452788,11.46797091,3.136826754
25.70693517,1.661717534,5.272375345,7.633719593,1.733669728,7.618374377,3.152744472
26.77589989,1.498529315,4.919272363,7.540733367,1.32439363,7.195936143,3.497371376
23.31526268,1.937781453,4.871281385,8.290604502,1.756080955,8.669412881,3.427051306
24.02607346,1.845242858,4.994422495,8.36770907,1.390533745,7.135336101,3.569584191
25.64290202,1.486437321,5.907220244,7.505311072,1.212397575,6.187767535,3.435007632
21.84524989,1.395669222,4.629970193,6.378047913,1.075285584,6.155337393,3.42851162
18.89904094,1.757161021,5.5584535,6.612290442,1.147848263,5.147882551,2.703158855
17.30433893,2.212324142,4.028732926,5.750201643,0.745746009,4.110993445,3.347909749
18.73606682,1.452782869,3.715173528,5.450028181,1.03641516,4.143417627,2.387427539
17.63271749,1.173199296,4.573951364,5.006695539,1.061774969,4.094889015,3.114842772
16.59962547,1.551108241,4.271265864,5.193196982,1.294943482,3.418890387,2.639961839
16.60463899,1.83823204,4.754982144,5.844948441,0.831821442,3.211908042,2.219336778
17.27023292,2.004435539,3.869003356,4.979386926,0.54838147,3.947514296,2.44848609
12.62516701,1.898910999,4.131130278,4.758495092,0.697391577,3.386962041,2.116436064
12.21495032,1.361533999,3.68276976,4.250933975,1.014950842,3.787218779,2.159900069
10.53624487,1.429879904,2.964248657,3.413603455,0.574547321,4.148805141,2.381643951
9.053075969,1.765437484,3.006314412,3.024275787,0.628601514,3.394167498,1.643368751
8.200208127,1.327386498,3.511095867,1.953827403,0.646071509,3.158187121,2.388992608
8.947236449,0.785440922,4.289812446,2.116892673,0.323417705,3.197053447,2.271714807
8.46837455,0.766734362,2.55944699,1.234920695,0.765333146,4.22033444,1.665133834
7.601253211,0.946268201,2.317889482,1.155831106,0.727697417,4.562882707,1.816429943
8.204476476,0.489569992,2.246074229,2.250386775,0.64937114,4.516496509,1.586151272
10.28965575,0.280887783,2.246926278,2.880298719,0.692412481,4.303987697,1.122868434
9.085908502,0.28115654,2.235460281,2.656508237,0.399104465,3.535765409,1.659775376
11.18231469,0.264184743,1.478464454,2.704493701,0.524311587,3.43612209,1.039786637
10.42275935,0.170888245,2.192033976,4.625062644,0.779562339,3.983598948,1.173914745
11.20839477,0.212982595,2.521384433,3.164990991,0.591602795,4.665479064,1.165223271
9.223838776,0.658538461,2.63372764,3.465926647,0.62852855,5.216700584,0.812192708
8.531382799,0.662311375,2.638933808,3.25274691,0.818091884,4.900277033,0.677172765
7.997754902,0.48319307,2.34021306,2.032480948,1.018969625,5.114284903,0.895829201
6.757577777,0.945554912,2.264516205,1.509971824,0.614460826,4.484167695,0.746104345
7.169984698,1.168678284,1.658172682,1.415745728,0.693232343,3.90240401,0.922878012
5.753077686,0.871380746,2.142958492,1.642934792,0.434119269,3.40526253,0.970569849
4.792715758,0.993752599,1.875241399,2.236810327,0.430422381,2.952163294,0.742194802
3.920780778,1.256643057,2.296767086,1.999740675,0.662670113,3.839849681,0.776905194
3.805349648,0.658309698,1.73801221,1.574660093,0.465012468,3.387083113,0.768150538
3.534570858,0.966336548,1.436422169,1.54770771,0.864009783,3.311787918,0.219314396
2.530864924,0.789244652,1.149510629,0.948240887,0.61174871,2.936080843,0.152724162
1.81670028,0.645024061,1.013038605,0.493189879,0.505228259,2.637016028,0.785328746
1.498900294,0.685765862,0.821574032,0.918990001,0.591678575,1.918326318,0.699058771
2.069747418,0.445074886,0.5838627,1.125500537,0.606196754,2.402898669,1.097824723
2.476931304,0.371593297,0.801700652,0.780213159,0.681343928,2.511424199,0.834727883
1.824895248,0.614469945,0.881432667,0.368510094,0.579285257,2.040779963,1.312971562
2.372225121,0.430831671,0.808054358,1.712796092,0.644577295,2.215993777,1.478394717
3.613453478,0.321165919,0.953477137,0.813962054,0.666874669,1.912679896,1.002452672
3.434514672,0.357835948,1.170075126,0.854229461,0.840250216,1.590202563,1.022547036
3.718430042,0.541257858,1.31305106,2.208481729,0.393248424,0.999008585,0.889121592
3.267074868,0.202061951,0.994688384,0.910131633,0.566306457,0.896962825,0.835699588
3.589271739,0.081748486,0.640627127,1.736547798,0.424501982,0.597976148,1.124724001
2.546679839,0.295087129,0.515159089,1.58414524,0.596153498,0.594425295,0.786845684
2.065015033,0.201585442,0.741629396,0.719734654,0.662526533,0.87141525,1.032570377
2.435855672,0.170888245,0.578477215,0.824174378,0.419983745,0.436240528,1.205733269
1.256875664,0.081510544,0.218954198,1.059267111,0.393685475,0.278163515,0.831757039
1.570278481,0.169723213,0.435909871,0.842382759,0.39113269,0.233473442,0.924207494
1.938620284,0.131369054,0.577797554,0.318329781,0.231512725,0.575277861,0.358545743
2.922759086,0.131369054,0.983952843,0.74798977,0.242917098,0.91249384,0.576216802
3.806877375,0.131369054,0.890952162,0.664915144,0.284184627,0.585860386,1.097226217
4.218647555,0.131369054,0.753891617,-0.117864273,0.063617736,0.409735925,0.781995207
3.313462719,0.131369054,0.625522099,0.307150185,0.200591076,0.997994095,0.931826979
4.393895864,0.131369054,0.654639713,0.25415048,0.272879921,1.180990227,1.035164669
3.484118223,0.131369054,0.658103563,0.79400111,0.209873822,1.295410283,1.413591057
3.809343085,0.131369054,0.869291872,0.234773755,0.230401192,0.819590036,1.366800964
2.883001953,0.131369054,0.586819891,0.351106189,0.11904199,0.405627117,1.005144343
2.446286455,0.131369054,0.62536357,0.967130717,0.082592428,0.189397112,1.21433571
0.747495543,0.131369054,0.413120873,0.149961933,0.053390507,0.680411514,1.032279134
1.077495825,0.131369054,0.527281836,0.552426092,0.313740231,1.098665968,0.922580361
1.05084328,0.268516511,0.473534279,1.565041766,0.24088322,1.004696544,0.596227869
0.44269086,0.736206412,0.49695991,0.554399751,0.360107828,0.482040644,0.167395249
1.337460697,0.849598646,0.707764886,0.492546335,0.416189693,0.916890055,0.43639645
1.265966713,0.753765523,0.728692934,0.617112685,0.497236326,0.949240103,0.897069648
2.269655094,0.873871624,0.554735251,0.648879912,0.641260505,1.480303891,0.429989286
1.842283756,1.201784372,0.573812854,0.489494111,0.520709097,0.982337818,0.204258785
2.792109579,0.583156228,0.43447338,0.484540779,0.546223909,0.310390629,0.319554731
3.765882999,0.871433079,0.63914286,1.033128984,0.689995974,0.073982216,0.294637308
5.364990383,0.813658953,0.448679533,0.691175461,1.175985694,0.336413737,0.231871232
4.873144507,0.657413244,0.870692711,1.057321578,0.856634416,0.315420143,0.587386936
4.642333493,1.113170862,0.974700898,0.797010027,0.815378204,-0.036856718,0.672510788
4.973550349,0.739764094,1.14229694,0.952568278,0.612044424,0.126484223,0.561700612
5.577526718,0.618057132,1.117311381,0.879852474,0.709963053,0.277891569,0.31769909
8.605428845,1.039067864,1.212922521,0.210195128,0.424174219,0.566632487,0.215630606
10.95186353,1.435304403,1.738210917,0.444649905,1.095668644,0.992645416,0.317609534
13.80695587,1.40083313,2.113752365,0.999733433,0.832262613,1.083716191,0.107655935
14.77592754,1.026165009,2.129697204,1.107238326,0.980983108,1.562021673,0.758978277
18.278588,1.614495158,2.432315648,1.810723543,1.09938097,1.255435403,0.339669958
20.8306582,2.699883938,1.730928831,1.992496848,0.88432765,1.553853694,1.039602607
22.35671329,2.725026131,2.541042119,1.648309268,0.902722701,1.460888237,1.098111421
25.66406143,2.047602177,2.648319304,1.960775256,0.722565249,2.66860351,1.032779515
25.72744453,1.675595641,3.022265956,2.268856764,0.829569533,2.952859551,1.334782243
26.57449365,2.698215485,2.745398059,1.59790162,1.111722291,2.978080884,1.360416859
26.56655943,2.463038683,1.93645142,3.081600368,0.87689361,2.641155943,1.265877783
27.92208898,2.946712494,2.97633335,4.558355361,0.954248726,3.822991252,1.940014064
31.41464651,1.878260374,3.389159516,3.758829832,1.153487682,4.360439628,1.539214551
28.58755493,2.423407555,3.436117619,4.127866775,1.056601912,3.683488071,2.013038397
33.89583313,2.091639042,3.588471115,6.316222996,0.951773703,3.570064902,1.467595249
34.46855962,2.000291109,4.389984012,8.550139517,1.008324042,2.827110887,1.995025277
37.64879954,1.40581131,4.689263105,8.733505756,1.000886351,3.480792418,2.576538324
38.50047827,1.678451538,4.659571052,9.453807026,0.601990215,2.445488423,2.190127224
40.99248695,2.092832565,4.75703001,9.944335371,0.845702142,2.955457754,3.142274022
41.62801671,2.437780619,4.973497689,8.42821002,0.837986939,3.183100745,3.077430129
40.60756326,2.767324448,5.003739595,11.49445847,1.349930763,5.135992169,2.795370221
40.23371077,2.82585144,5.190681517,11.82078496,1.980720609,4.483253881,3.108099699
39.13792419,2.429162502,5.402268469,10.72592512,1.52507621,7.869780809,2.963582277
31.48255956,3.093673706,5.044296384,8.535202593,1.042237848,7.760930061,2.508777976
34.58494544,2.367579937,5.017719269,7.328889519,1.764839292,7.145770639,3.226627111
31.60097027,2.983031273,5.477772653,8.124230057,1.995442867,5.649355054,3.836909533
30.76414299,2.843389034,6.086628735,8.239398897,2.170029432,7.166802138,2.880069017
28.16949463,2.743540764,4.955874681,8.840910345,2.085748255,6.82092905,3.33245337
27.57692695,2.354518414,6.042630672,7.083074003,1.876883537,6.357975304,3.686724007
29.37862289,2.107534885,5.6543836,5.855678022,2.714652836,5.413772166,2.516013086
24.95462096,2.324493408,5.83802104,6.132878363,2.539632767,7.23368153,3.480080366
24.14705038,2.432610512,6.006107032,6.05103001,2.658588678,5.130985379,2.642569542
24.27162862,2.125037193,5.001391768,6.977125257,2.492601067,6.157834828,3.678837121
24.29699409,2.516321898,4.22858119,6.663779169,2.390029669,5.569167435,3.019579351
23.18138218,2.347874641,4.251603484,6.6569224,2.027342588,5.168190598,3.765580356
20.82029593,3.213778973,4.613543451,5.151770264,1.524512112,4.874574021,3.077506125
22.74865842,2.982129574,4.037517607,5.887794495,1.59009856,4.456926882,3.021822572
22.60593998,2.683898926,6.898377836,5.502597243,1.042995751,4.761075974,2.963965535
21.82717085,2.564325809,4.900976121,5.916327238,1.044007748,5.307613313,2.346887589
24.91270983,2.568146706,4.853745103,5.913059413,1.466806561,5.642029643,2.009039819
24.63351977,2.261195183,4.899018109,6.969541311,1.404478699,5.588424206,2.351590395
27.17405558,2.464134216,5.1399225,7.303249836,1.18985638,5.271415412,2.804345787
31.25124657,3.407420158,4.828127325,7.274618745,1.165175408,7.188844681,2.774485648
29.43318844,3.026072025,6.036707461,6.802458316,1.569003075,7.143134624,2.889230847
30.66900265,2.38087368,4.80131954,7.594575733,1.379017502,6.583593041,4.229153097
31.24912202,1.551342964,4.321441501,8.127909899,1.192592591,9.646125138,3.56438756
30.20408678,2.109272957,4.071861506,6.760382652,1.436443508,7.746867836,4.118867815
28.86441207,1.953958154,4.814993441,5.999984592,1.669759512,6.83561489,4.956974685
29.51892233,2.447701454,5.260056853,6.203695387,1.277592137,7.179936767,3.840787709
31.12267971,1.862042785,5.100881159,6.87565729,0.923490971,7.482595742,3.336476386
27.81360793,1.88680172,4.384792149,8.226151764,1.342849493,8.301380277,3.446783125
29.92462718,2.249835491,4.377601147,8.757539839,1.584846646,6.5920569,2.68550992
31.42096806,1.99126792,4.784094393,7.283321023,1.792311341,6.752972305,4.115332365
29.4086225,1.983423591,4.785681814,7.24869445,1.279562622,6.467499584,4.888443351
30.07739079,2.089739799,6.077780128,6.956996769,1.306907833,5.208601803,4.352634847
26.36016345,2.80325222,5.31060487,8.764792234,1.600600302,7.385194302,3.802923262
24.59741378,2.742981434,5.611115992,9.348203987,2.522578388,6.712317467,4.242849946
24.88675094,2.087413788,7.328115106,8.73324126,3.182476044,6.990391761,1.984143704
25.57802629,2.385804653,6.32206589,7.800459862,0.532712407,6.681676209,3.524142802
24.0407573,2.387447834,6.560803056,6.309875101,2.232938498,7.578865439,5.037702322
22.82030642,2.8549366,5.349915326,5.565344542,3.212600857,7.32313022,5.593842268
21.89338744,2.210414886,5.532408357,7.053215057,1.94588545,6.634467095,3.928485513
20.20974207,3.207400322,5.466508269,7.54532814,1.509023607,6.629794091,3.493666947
21.88179529,2.505368233,6.726430357,7.496216893,1.375851542,6.421462446,5.065171719
22.51168978,2.250535488,6.274724901,5.948507041,1.900052458,7.100895792,2.983332276
20.09840715,1.736569047,4.431420565,6.47874549,2.637781292,6.855077296,3.13787967
20.68711758,1.881243825,5.957189798,6.021533906,1.792360157,6.974088401,4.090053737
22.4925009,1.763470531,5.032792389,6.448553503,1.564655095,8.032268286,3.799166977
24.07365608,1.667414308,3.943664432,6.988794357,1.525357217,7.288037986,3.571235538
23.91540444,1.385863066,3.207629845,7.189683616,2.243653864,7.112270594,3.151478469
25.46463025,1.410444021,4.278992414,7.196030766,2.159920931,6.769740582,2.123841792
27.22493827,1.469590902,4.735476673,6.154214591,1.718586981,6.041566283,2.702866197
23.84285498,1.789960027,5.412696898,5.820760876,2.036298901,7.307820022,2.647671103
21.40946615,0.912261307,4.106436074,4.582154751,1.822594911,7.080256939,1.961737424
19.62335551,1.037430406,3.752008975,6.525661051,1.562039673,6.233359128,2.026469409
19.26375198,1.030595541,3.383915797,6.426383555,2.067473888,4.068431258,2.157574594
15.16502559,1.175215721,3.000352979,6.359937787,2.034222543,5.529318005,1.459811032
13.00043851,0.91679728,2.888150811,7.580629736,1.470568538,5.772771686,1.659956425
12.51344818,0.666463017,3.076813817,5.912177265,1.2008297,5.288551748,2.165683061
12.87542993,1.008695364,2.644776106,4.497527331,1.079396993,5.427521467,1.812894791
13.96776468,0.75001961,2.313497365,4.296850413,1.372773826,3.978497535,2.041142732
12.55421323,0.288724661,2.293707803,3.19499597,1.102894589,4.10881713,2.525201738
12.03339887,0.573751509,2.338953316,3.336164355,1.120793968,4.165285081,1.649017036
12.57705665,0.573919773,1.687307954,2.680887654,0.851164706,4.776973277,1.906104237
11.97075641,0.612876773,1.322364807,3.490924463,1.308535144,4.010748118,1.976332068
11.46747977,0.738327146,1.056288108,2.669113688,1.125702292,4.394312203,1.908445358
10.9187994,0.605761349,1.328266449,2.421648055,0.80743707,3.471020982,1.837068796
11.14345562,0.730156183,1.466099471,2.930377424,0.943876639,3.850576282,1.927782297
9.620224953,0.706270397,1.397190839,2.168159559,1.199007958,4.113470763,1.754469573
9.20103386,0.781326056,1.94730252,2.302367985,1.747225404,4.386030138,2.35815838
10.4625901,1.022487402,1.621123776,3.726079687,1.186655372,5.123315006,2.379318178
9.323770106,1.092803955,1.400073208,3.672893345,0.911222771,4.192449152,1.932401955
10.60782266,1.138720036,1.478549838,3.404548764,0.931979567,4.156363755,1.529750377
9.975876093,0.731605947,1.632304229,3.963397443,0.612230614,3.363335878,2.148231119
9.010258853,1.314511538,2.440161556,3.981868923,0.998672098,2.97765471,1.922419667
7.511618465,0.927840889,2.000294477,2.593179978,0.921255335,2.390809357,1.238338798
7.435088873,0.501527429,1.715325527,2.526913211,0.574488491,2.231858857,0.76812081
4.649722695,0.88932848,1.526396871,2.297910675,0.994365633,2.183840051,1.45903945
4.68351756,0.501892805,1.941880211,1.252611168,0.767186075,1.320100017,1.884726882
3.632769763,0.419939995,1.835997105,1.079674065,1.172704786,1.216888521,1.70783475
4.51405853,0.182055324,1.005356982,0.946832262,0.508572064,1.127332449,0.982626006
3.312061548,0.277037203,0.658999979,1.797186211,0.26910454,1.255954802,1.427091956
2.488008454,0.202853739,0.781408958,0.669112056,0.529230967,1.469438523,1.859746277
2.210811853,0.081510544,1.109148078,1.245072484,0.356940016,1.76321771,1.142134964
1.945647657,0.169723213,0.615959913,1.629121602,0.694328465,1.578606293,0.950461552
2.352433756,0.268516511,0.290732011,0.668537058,0.609918728,1.437377185,1.334747076
2.20937416,0.314389974,0.255509354,0.866016373,0.609384149,1.616995037,0.950989425
2.244866341,0.291234791,0.4690299,1.052205265,0.594391316,1.54419262,0.914082155
2.196874604,0.201187491,0.654464811,0.555622578,0.353700884,1.579421759,0.625491217
2.2289747,0.611880124,0.559017397,0.066837668,0.371785384,1.605000533,0.971063972
2.542051926,0.354701161,0.439051017,0.937973708,0.330225948,1.618845388,0.61244186
4.018302739,0.294144571,0.527598672,1.210560836,0.125098825,1.71973072,0.578766875
4.986655504,0.357835948,0.52694153,0.946778618,0.433754764,1.40089253,0.578750819
5.562293619,0.541257858,0.841233619,1.169326063,0.265712205,1.152714342,0.667150542
4.44049266,0.202061951,0.992139056,0.719510112,0.436653096,1.120644342,0.479319654
4.319135785,0.081748486,0.96570041,0.61543053,0.355551936,0.924541894,0.307578593
4.798093945,0.295087129,0.815994032,0.127350353,0.337775875,0.76371748,0.129050314
4.077982038,0.201585442,0.503663532,0.350458268,0.354921706,0.621798169,0.560178831
3.863969505,0.170888245,0.969547369,0.143905357,0.111667432,0.96747987,0.581600778
2.523148149,0.212982595,0.73534146,0.014201552,0.284184627,0.770538859,0.305893347
2.606036663,0.365755945,0.589214265,-0.078867562,0.063617736,1.010312419,-0.09509787
3.930349454,0.291234791,0.372303296,0.18875543,0.200591076,0.771553814,0.296780653
3.045499578,0.350982964,0.555651169,0.084662996,0.158411294,1.087902393,0.482428595
2.472946927,0.780454814,0.754360054,0.01700297,0.09611183,1.146828756,0.129735321
2.893171415,0.510726929,0.976471715,0.449642912,0.167072572,1.682556234,0.331117287
2.755929127,0.358536184,0.769201946,0.170088466,0.040118732,1.334609464,0.630230084
2.722545639,0.671286821,0.698667057,0.13933694,0.040118732,0.373302214,0.303525254
2.068021223,0.753362238,0.962075628,0.205291435,0.168270238,0.149488822,0.278929211
1.769602358,0.610499144,1.048552841,0.215664878,0.149217367,0.321737491,0.348905101
2.136832058,0.530484974,0.891610645,0.097337179,0.273878749,0.758358371,0.244329795
1.701407596,0.539289117,0.638177935,0.880980399,0.346789584,1.148197614,0.453941971
1.044270035,0.651251197,0.460683592,1.677909121,0.337361876,0.797702651,0.413021073
1.41787982,0.549437284,0.513393804,1.093290281,0.21796589,1.531537995,0.412685908
1.572783262,0.15804708,0.465588402,1.166012511,0.394941501,1.418733131,0.598360598
1.236344218,0.463362992,0.414423533,1.213548984,0.237530991,1.347102411,0.635215566
1.110298064,0.507034361,0.284717884,0.506726373,0.491666898,1.001138799,0.536484458
1.479270026,0.388961881,0.514094979,0.691193435,0.438489728,1.067567617,0.15521273
1.640122145,0.339680582,0.597800575,0.986361317,0.519078813,1.063166,0.343040749
1.852673203,0.680653036,0.815869085,0.543192215,0.70914872,0.725836307,0.302913487
3.270899847,0.33620435,0.506782159,0.680856407,0.560198799,1.47043597,-0.028914586
3.16994758,0.21768564,0.791014843,2.312748879,0.391763389,1.337355562,0.038821697
4.104312107,0.73024404,0.611295663,1.155035384,0.424075857,1.870291494,0.342359431
3.651899189,0.759076238,0.573981218,0.841069967,0.326879457,0.645477325,0.217229612
5.470812917,0.726036549,0.668843966,2.225957066,0.090049051,-0.060508586,0.056775026
7.196268618,0.55878818,0.500929244,3.583733365,0.385134138,-0.128942356,0.22572346
7.556418568,0.85282588,0.620724633,1.872363128,0.189259041,0.458703097,0.269186087
9.170187712,1.068862915,0.643921886,2.100375481,0.386133619,0.752209406,0.481358878
12.63676369,0.321338266,1.230178624,3.176618367,0.390906263,0.84492024,0.483641177
15.62824273,0.766032696,1.770565398,1.303042844,0.335429359,1.172643248,0.32123059
19.32550883,1.296044111,2.017526552,1.478298474,0.591993846,1.273993216,0.389341414
20.59146988,1.95725143,2.62020126,1.771354489,0.497918136,1.818802208,0.171449855
23.06519115,2.42085743,2.806059569,2.635905333,0.340705916,1.694017276,0.405103713
23.62618053,2.118542671,3.141225949,2.811811119,0.448246814,2.25873068,1.026567817
25.97297931,2.392896175,2.769860253,3.240235522,0.343597807,2.242898196,0.997259617
25.94391286,2.441534519,3.51850681,4.762826115,0.674310848,3.295950964,1.472167373
23.62947154,2.675374031,3.91382575,5.594816059,0.600302041,3.45473364,1.654556394
22.62784457,3.264919281,3.327443451,6.575264782,0.729713432,3.616728634,1.54714793
27.2720226,3.70118475,2.888626009,7.524632663,0.971134335,4.352910817,1.430558562
24.69732869,3.708424091,2.484899238,7.026395202,0.710449703,2.96135284,1.446062922
30.24773061,2.486426353,4.058759809,6.272969395,0.733185485,3.270537406,1.00762561
29.31548214,2.302201986,2.992548421,8.476989716,0.562326424,3.290210664,1.404389739
27.54553211,2.312918186,3.971669376,9.291382879,0.704778574,3.865322471,0.969419628
29.17398906,2.579188108,3.717239499,8.721686155,0.455665208,4.636014253,1.739198267
27.44828987,2.48499012,4.35701251,8.803793043,1.272310913,4.731310159,1.784374416
27.10520709,2.296256065,4.661343992,8.946050704,1.305784225,6.293974817,2.67242074
27.22540259,3.209468365,5.332669616,9.918697178,1.35810414,5.495645851,2.92856276
24.66785455,2.252250671,4.80361551,9.432674199,1.219234973,5.990833789,2.319304049
23.81093693,3.248634338,5.744645298,9.294182807,1.500103593,5.013948679,3.907388151
23.5363878,2.699779987,5.182640254,10.28386578,1.680160075,5.823714286,4.565250576
24.34765029,1.998924851,5.50534755,9.329440445,1.833748162,6.704170257,2.855433226
21.90584934,3.292156219,5.025732815,9.229850024,1.509069711,5.636708438,3.309516609
17.93982112,2.409565926,5.920183361,8.784237504,1.569979608,6.287927181,3.832929134
15.4354502,3.159608364,5.642763376,9.217236936,1.86403048,4.904640093,3.303252757
15.92333406,2.724899769,5.52760005,8.059048653,1.810847521,5.667369068,2.953973413
16.69420409,2.988365173,4.499377906,7.262269408,1.410731345,6.330556422,1.551822126
16.99525571,2.137502909,4.103154391,8.126541227,1.424458504,6.082294136,2.790287733
17.83730263,1.810011506,3.760442734,7.277395576,1.460570186,6.356365234,2.935931087
18.10969889,1.890428185,3.252130151,6.5090321,1.438402623,5.271811783,2.221715897
18.08626205,2.467211723,4.337011278,5.800677091,1.261911184,5.079653114,2.807048559
21.78371048,2.276283264,2.613072172,7.426147163,1.199356139,5.492812395,2.136584818
25.74785423,2.277337074,3.28107968,6.85204342,1.702620953,4.832612723,2.907178402
25.00039613,2.212179184,6.171657443,8.373276889,0.922131419,5.773384869,3.084029257
25.55458832,2.982438564,4.945828021,7.410893589,1.766130418,6.30146116,2.817947268
21.29603159,2.928099632,3.790244758,6.359938532,1.352027148,6.172698736,3.705931604
22.96129441,3.149091244,5.925984979,7.355574518,1.911187142,7.337860763,2.851636708
19.16899216,2.495144367,5.31429112,7.881016284,1.639820576,6.600347906,2.558318377
23.61007655,3.930070877,5.710393488,9.568645805,1.084681034,7.112559676,3.414608538
28.05962741,3.031116009,4.964870811,8.902914077,1.249070019,6.82349354,3.312959373
25.85866141,3.97498703,5.068089366,8.584637195,1.32906726,7.537908107,3.534057736
29.22127497,3.269845963,4.928924739,10.70793942,1.511442721,6.566574425,2.822955847
30.4900831,3.030319691,7.734375,10.53366959,1.818163067,7.374016196,1.995756179
30.7388953,2.476064682,5.687182546,10.98682657,1.31591922,7.238832861,3.268632889
34.9893955,3.650730133,5.057904124,11.35747805,1.872047603,7.67243579,3.255392909
30.85806251,1.733658075,7.243692577,10.79523265,1.604465127,7.404590398,2.66972363
30.97031248,2.5097785,6.117937267,10.54008082,1.622612447,7.354114205,2.370238304
29.38378477,2.976964474,6.606006324,9.193497151,2.10660091,8.702266216,2.813258469
30.75326884,3.419406414,5.659333169,11.31040826,2.092512429,7.556126267,3.934465945
32.91659546,2.672924519,4.866566956,10.05847678,1.726709247,9.096424282,4.78980124
31.71197224,2.899485111,5.919215977,10.84749177,1.640250951,8.628266305,4.746964574
33.69634533,2.434744835,5.412074625,10.20611748,2.638499767,7.687551528,3.526921272
34.84487867,2.653765678,7.39176482,9.595807642,1.667259455,7.155811787,3.457672
35.20888078,2.496551991,5.010302961,9.248874336,1.237437576,13.76404017,4.292986691
36.67941678,3.416777134,5.844977796,8.953226358,2.3107436,12.25722954,4.296110868
34.90720177,3.066966057,5.58219105,9.350619465,3.005636841,10.74646488,4.719935358
34.61138451,3.274908066,4.679480195,8.70930478,1.851921767,10.66157147,4.317842126
34.63040578,3.170903206,5.832016468,8.276085556,1.734875739,9.971929342,3.670678437
29.24002898,2.678299427,6.85593009,7.877085358,1.716806859,9.670493752,3.612500727
29.99521518,2.702911854,7.581161857,7.66049847,1.824284494,9.633009136,4.943738282
25.86264324,2.087481022,6.594346762,6.637604535,1.745843321,10.82566455,4.728966355
30.38841283,2.265503645,6.403314471,6.970063597,2.162327945,8.875112236,4.319405556
27.04013431,1.971639276,5.059915781,7.736863941,1.276685804,10.4322046,3.594017327
26.09483731,2.010478973,5.061844289,7.489430904,1.587321877,11.11558303,3.586410582
26.69384658,1.650943398,6.39010191,8.121033758,1.503477544,5.742952228,4.009307325
27.91318083,1.156771183,6.379148662,7.479165494,1.719777763,8.133367449,3.863624632
27.65374589,1.372519374,7.55866617,8.352828771,1.5000965,5.373347551,3.16093266
28.05907929,1.611402631,4.989670515,9.336204082,1.389251173,7.736486197,4.035835266
25.8862896,1.734820604,5.77491492,8.831823617,1.543497652,8.037789911,3.978138566
24.88811672,1.482918024,5.123463571,8.668316901,1.553828955,6.969963014,3.473071158
23.93704629,1.61243546,5.721723139,6.906631589,1.466909617,6.860311329,3.355232477
26.41363275,1.746599913,5.690765977,6.113120914,1.141917616,4.957237095,3.187644482
23.60113215,1.820593476,6.059178114,5.865700543,1.765239,6.768375635,3.423734605
23.02644193,1.836616039,6.30389303,6.034650654,1.92561546,4.809360206,2.504551411
20.56114185,1.628761649,4.699818492,7.528527826,1.400731325,8.038944006,2.741979659
20.20333445,2.330267429,4.540944099,6.269899011,1.605807573,6.519329548,2.246528268
20.85830224,1.724848509,4.6134004,6.924875081,1.678205967,6.614752859,2.86370337
21.57335985,1.872746229,3.51722829,6.884229928,2.228563607,6.882577389,2.382261306
17.42780054,1.662644029,4.410690218,6.641248614,1.59814781,5.987340212,3.374794722
15.05135775,2.020386934,4.306431413,7.303394377,1.931628615,5.90293631,3.241039515
16.80825132,1.61928618,3.338278905,6.008824706,1.593123704,7.655204833,2.467880547
16.10008377,1.500157595,3.169919774,4.912786931,1.138636917,7.902071625,3.804717958
15.10473645,1.500470042,4.869816899,3.95527184,1.261249036,6.837119907,2.566714883
16.22211617,1.483358979,3.088541329,3.397022933,1.02790612,6.781034917,2.728751004
15.91503632,1.302686214,3.222581372,2.98887603,1.055912226,5.39412722,3.677685857
15.91117114,1.064882398,2.786978781,2.785327099,0.999581456,5.439282954,2.811748683
14.66965598,1.803204894,2.96754241,3.022309765,0.902104467,5.562083423,2.754820287
13.95775574,1.163388371,3.289983273,2.654547058,0.753289521,5.673670769,2.619324327
11.17815053,0.923598111,2.998261079,2.021467313,0.755609959,4.966339469,1.751067042
9.700646341,0.971675932,2.896889001,3.94298397,0.781345539,4.756000638,1.869698465
10.02588677,1.574084044,2.226442024,4.18889448,0.441950724,4.971901327,1.857210994
9.259142399,1.066576838,2.335831001,5.143859237,0.743907839,4.507617652,1.768676341
7.917319924,1.077213049,2.251076773,4.812818766,0.44897984,4.048354924,1.823335588
8.6320678,1.248529673,2.36382544,4.242459685,0.397461481,3.272250667,2.061054558
7.849469155,1.03949666,1.869715936,2.75224112,0.480644241,3.804497048,1.416808814
6.827327728,0.84772253,1.425884329,2.166915499,0.287358463,3.792584315,1.602648646
4.544994712,0.893944502,1.356107444,2.129258774,0.366217911,3.419242054,1.111306399
6.70682022,0.545120478,1.250016019,2.710713632,0.284184627,2.71084439,0.523978584
6.351510525,0.464231849,1.487536356,1.778747141,0.063617736,1.980497316,0.754811764
5.422846377,0.434685528,1.335835308,1.42667871,0.200591076,1.012976933,0.553134941
4.46923776,0.322670877,1.207429357,2.068650723,0.158411294,0.741518941,0.542879999
4.017204225,0.250622571,0.760597698,0.834410917,0.229295474,1.102686394,0.905502513
4.619640976,0.104006082,1.111507304,0.666383374,0.248252302,0.888856687,0.656445771
4.146519095,0.206080616,1.083517224,2.150069177,0.129421614,1.27584571,1.048407778
3.496695638,0.131369054,1.366430596,1.642565615,0.225867517,1.180595998,1.076230258
2.977344736,0.131369054,1.001441516,0.776970014,0.24997057,1.12176612,1.075438559
3.44023855,0.131369054,1.040628254,0.81072133,0.597945616,1.327749435,1.077713668
3.257989764,0.131369054,1.340448931,0.935319532,0.472030215,1.264505647,0.684127063
4.170666575,0.131369054,1.245252416,0.053332746,0.257731825,1.069593802,0.394287221
5.492571414,0.268516511,1.352445111,0.821908005,0.510400325,0.885123014,0.654011965
6.409130961,0.314389974,0.915386975,0.769892707,0.546572611,0.969251618,0.266878419
5.763225913,0.291234791,1.373434849,0.250881072,0.168532573,1.140080579,0.338710546
6.652909815,0.201187491,1.23945415,0.398213137,0.520123251,1.075120829,0.379541293
6.175106227,0.476746619,0.966909975,-0.046449341,0.316473626,1.371382829,0.67949295
5.544141531,0.15241909,0.8649344,0.025751255,0.508162603,1.919517294,0.641885325
2.636534005,0.145680517,0.603443664,-0.024340488,0.54360833,1.232094131,0.241063535
3.004678756,0.2768538,0.614308063,0.216151215,0.273881853,1.069311053,0.278929211
2.068327278,0.201585442,0.710092708,-0.031941198,0.609583586,0.941708963,0.348905101
2.973548353,0.170888245,0.877434332,0.002311915,0.175681148,0.708956085,-0.001399219
2.878591478,0.212982595,1.103523262,0.06026933,0.243626915,1.175115444,0.296780653
2.313879043,0.365755945,1.340471283,0.315017346,0.249237701,0.904736202,0.482428595
1.917378485,0.436244786,1.506101936,0.7056823,0.275614254,1.170341671,0.129735321
2.454067782,0.385798514,1.298123226,0.397885405,0.246224735,0.786473323,0.331117287
1.667417943,0.621264935,0.846846979,0.542616285,0.177052774,0.313451886,0.418999903
2.040036872,0.21810174,0.655836035,0.467537157,0.264172539,0.238696672,0.136141442
2.037072584,0.491851687,0.54616034,0.155136548,0.053390507,0.60818037,0.299607888
1.221104041,0.316988796,1.004411504,1.018843055,0.188829344,1.048476435,0.310824364
1.436210841,0.22487694,0.779004805,0.97612692,0.063617736,0.853881985,0.321632251
1.528744191,0.300858736,0.763380602,0.91943508,0.200591076,1.065530721,0.587386936
1.424858496,0.152750909,0.78994425,0.822175015,0.272879921,1.111583412,0.672510788
1.743114024,0.202853739,1.01735428,2.591413632,0.33736378,1.259054057,0.561700612
2.330353349,0.081510544,1.089935414,1.089383475,0.441106036,0.968943723,0.566465557
2.390478283,0.169723213,0.615732037,0.685828831,0.325187109,0.795805268,0.946023166
1.778137356,0.268516511,0.752108619,1.812270842,0.22966183,0.695044361,0.994789675
1.287808448,0.450895071,0.493321605,0.248421542,0.269647412,1.072909124,0.983635485
1.841258287,0.475517333,0.959197953,0.008527748,0.418405589,1.139004715,1.432666779
2.17699264,0.353945225,1.202096231,0.689015538,0.285952181,0.920350756,0.630790442
3.088522524,0.695130587,1.071632467,1.087877993,0.397990011,0.390618388,0.891020671
3.609992027,1.015649796,0.905701686,0.631072372,0.414427198,0.219653919,0.890668184
5.213862658,0.889366269,0.740557797,0.697313063,0.413502689,0.63388152,0.324922018
7.31543979,0.766230345,0.557298437,1.090108044,0.444671497,0.909668021,0.911321044
7.690959871,1.074733019,1.013770625,0.865113642,0.583184659,1.131729595,1.720203757
9.457296699,1.201331854,0.907204114,1.224152371,0.879161999,0.740674883,0.912214369
11.87312913,1.303382754,0.777605586,1.563187502,1.579455376,0.58402922,1.046812981
12.50555587,1.349313378,0.892234091,1.235298999,0.959704563,0.747217331,1.560116559
15.10899574,1.369295001,1.65568985,2.303304523,0.688968383,1.230310183,0.492234454
20.36342978,1.292003393,1.642590389,1.991599426,0.555251829,1.125123817,0.618363395
20.58012235,1.697510481,1.949863136,2.994741686,1.386623025,1.269588526,0.784595534
22.60309744,2.110321999,2.072006464,4.722173512,1.115318,1.633368805,0.539755523
27.53458321,1.806016326,2.835226357,5.886716396,0.893537015,1.802011766,0.766681135
30.42067742,1.526272297,3.228349686,3.905081004,1.122522667,2.531527728,1.285868734
35.15579879,1.88187778,3.094663918,4.191987962,1.506373137,2.050885186,1.085569337
41.34643483,1.996790051,4.32998836,5.895727873,1.128096581,3.173820302,0.915207565
46.29368711,2.979665279,5.438839495,6.783764064,0.866061002,4.118656367,1.743354201
38.33620405,2.896822453,4.8599419,6.926771998,0.908680886,4.123669118,1.906746179
41.9233923,2.336833715,4.939111769,8.379449695,0.957245916,5.217635632,2.256582975
46.69012141,2.829093456,4.939033091,9.582772851,1.234613746,4.708078504,2.790404558
48.99407816,2.091648102,4.909293652,9.789792448,1.085070312,5.312681198,2.333453596
58.71754527,3.238859177,5.533415079,9.358000755,1.038078144,4.847332463,2.934147418
58.12346005,2.873353481,7.832384706,12.68754452,1.065553427,5.607081205,4.283764064
57.86942029,4.687829018,6.547138989,14.58398253,2.878986537,6.411515921,3.550879955
64.62083507,3.372105122,8.015795946,13.45524043,1.067676306,5.600263178,4.100534916
64.60019207,3.114782333,7.154254317,10.9137468,1.722955197,8.410612494,4.062047899
67.07153964,2.955579281,6.613900065,11.23600155,1.713580191,6.247979403,2.731499076
70.53114176,3.030226231,7.686194479,10.84848866,1.24655515,6.30049631,5.360108018
68.46750808,3.384577274,6.641559899,10.01001522,1.295679897,8.382478356,2.672555745
67.36633992,3.26903677,8.197759688,10.3257142,1.543581516,8.066672087,3.751196265
63.58881664,4.233576775,4.64366287,11.76752895,1.62890473,7.380831242,3.216817081
62.16753936,3.128391266,9.737548828,13.52891475,1.35089165,8.946008235,3.766253293
57.25540328,3.995914459,8.433735967,13.55312318,1.373014152,8.533573151,3.912378848
54.39947629,2.327095032,5.717471838,11.21817753,1.41626364,8.521848172,4.334174097
50.10378528,2.645642281,6.299910843,8.386323601,2.233319223,8.704224974,4.627813995
47.25757504,2.509339333,5.252090693,8.514573425,2.432872146,7.856846601,3.239296973
48.0836935,4.211654186,6.486374438,8.890055865,2.200202435,7.595279068,4.038939774
50.31563306,2.217703342,4.333441257,8.621119708,2.048273891,6.511707604,2.582729459
49.49543071,2.64527607,5.661107898,9.248597175,1.135834157,9.017773718,2.710229754
49.94121432,2.357798576,4.810631275,8.534579724,1.431465089,6.715471298,3.965292871
51.93861556,2.229415417,5.992842615,6.018641591,1.135215819,5.009559542,4.14179951
50.61733699,2.042601109,7.39078939,5.281057954,2.070887268,5.398929119,3.919173777
43.38221383,2.351047993,4.143464863,5.369414389,1.25556758,4.111127555,3.252779543
47.63908768,2.120759964,3.806414902,5.406764895,0.183875255,4.680943117,3.684971035
48.76410604,2.073757648,4.507190287,5.991580337,0.856842719,4.78264764,3.196090758
50.35466313,2.213743687,4.074540138,8.654440194,1.32220462,4.645562917,3.643610179
48.43777728,2.370445251,4.461738467,10.99778265,1.461407155,3.980588168,3.013843596
52.24337721,2.696978092,6.035019457,8.943969756,1.450219482,4.844454676,3.072632849
53.72871256,2.223617077,4.935153723,8.325132728,0.838309772,7.087682188,3.960864544
53.37143517,2.024364471,5.582071245,9.209099412,1.049564451,6.119780988,3.238407075
52.85753465,2.621469975,4.662230015,10.23323759,1.564552665,7.097622007,3.278715312
51.55453444,2.936830521,4.587205052,10.48850492,2.394346356,6.64966926,4.041896462
52.73376727,2.438164711,5.000944734,11.7115967,2.074593544,8.649125695,3.451012671
48.72677469,2.697366714,5.581564307,9.851168841,2.56735453,6.650524586,4.327388108
41.5147543,2.484097004,6.389762163,9.344545752,3.242269427,8.753819764,3.890544772
44.4356544,2.298654556,6.603774726,8.835542202,2.247096658,7.608683407,3.890721798
47.50290823,2.510694981,6.789608896,8.078026772,2.254758924,9.438087046,3.414183557
43.43866611,2.756200314,5.701866746,8.760937303,2.635261625,9.540300816,3.149265945
41.10577655,3.265903473,6.91103071,9.238629788,2.114977062,7.907231152,3.02071929
41.47822928,2.974619865,6.117973924,9.926179796,2.170690119,7.365994155,3.973481953
41.79271674,2.350802898,7.670421302,9.659139067,3.199658304,7.255898416,3.650840521
39.14263988,3.104148388,8.871815801,9.354969114,2.712678492,10.42626202,3.86605829
37.09329367,2.749786377,7.833395898,9.24430564,4.014770627,12.98068017,4.200054109
37.31745386,2.594365597,5.903295279,8.826652914,2.29050532,9.660884738,3.750552535
36.92428565,1.185667157,5.919534266,9.042295069,3.157869548,10.40251777,3.844658434
34.18649757,2.966423988,6.766017973,9.402028471,2.799205631,8.146138489,3.608762324
35.9029783,1.800749421,7.470629811,8.911066502,3.03022331,10.03409624,3.0187428
34.93494093,1.905121326,9.042230844,8.535960317,1.993976712,12.25895807,3.505256474
34.38058567,1.635678649,7.87215203,8.487141132,0.497564115,14.55069333,4.232488573
32.50265062,1.617882848,6.958571076,6.870622933,0.733295374,10.79894528,3.843824863
31.78036094,1.47665143,7.184299529,6.191324443,1.926807076,9.121701866,3.046530485
31.43710601,1.8469944,6.341308057,7.269823551,1.535026789,7.259964198,2.657763362
29.71485186,1.361680269,4.563600719,8.513170481,1.731581271,8.814793825,2.471067011
27.67185664,1.675213218,4.31554243,8.973176032,1.127798155,9.416951239,2.851320505
30.45792723,1.496374369,4.755928516,6.952118129,1.016039193,9.164399654,3.320885003
26.2452544,1.079237819,5.241313577,5.903699249,0.694261186,8.278177679,2.028052807
24.64844596,1.033555865,5.790471733,6.349762529,1.142211556,5.555585027,2.032699436
24.49428713,1.211521745,6.210567355,6.573005766,1.768417895,6.558703631,2.134842575
21.69204235,1.503257751,4.138871133,7.111895084,1.235063002,5.279384553,3.194318116
18.87291443,1.064604282,3.49662222,5.888929963,1.230371743,5.704618245,3.134241402
16.58618283,0.843580484,2.898660153,4.977755249,1.390622407,4.915826023,1.300282925
18.95963132,1.114046216,2.686217129,3.577765077,1.209129393,5.772066116,2.077061385
15.86613774,1.616190195,3.16829659,3.586255014,1.225221008,5.081560463,2.037480772
15.18739676,1.402673006,3.355474994,3.330267221,1.164624766,6.035628915,1.893459558
14.89157045,0.795601726,3.110619709,2.682403475,0.831175044,4.034984112,1.791611165
12.68999857,1.34555614,3.824054897,3.660461307,0.995961338,4.577270895,1.048756465
11.10295784,1.828576922,3.784430176,3.582487255,1.030576617,3.943719715,1.628041565
12.47211462,1.421986341,3.547224775,3.709868342,1.563697129,3.339010477,2.134203613
16.14419985,1.034208775,4.639739692,4.446557164,1.484768629,2.935486659,2.680237293
13.82012671,1.471755505,3.456665128,2.978442609,0.546032034,3.314242512,1.760311127
15.75751173,1.568395138,3.74817051,4.075921327,0.844737083,3.340805322,2.125002742
13.03255928,0.906878233,2.576149553,3.432891518,1.190409422,2.955372632,1.971590221
14.94365585,1.167384148,2.729766816,2.612725645,0.525131136,3.693493828,1.110889167
12.78226125,1.056770205,1.962817758,4.009471834,0.922396466,3.384860232,1.570044905
13.34536839,0.993961573,2.875930667,3.028590605,0.553860359,4.750026017,1.632829607
11.29475379,1.080036163,2.050652057,2.546304464,0.587249495,4.309228063,1.304502189
11.9285599,0.992847443,2.146642953,3.551238775,0.660681009,5.15980199,1.618171334
9.717740119,1.302722812,2.87527442,3.41117233,0.84996511,4.031030089,2.122291774
8.260638267,1.402556896,2.994850203,2.797131427,0.598199867,3.834073991,2.023737431
6.869331717,1.032420754,3.538191542,2.520183288,0.51146552,3.481858596,1.576979309
6.01170969,1.364372373,3.896156251,3.293042257,0.294572726,2.840236202,1.298934966
5.678150564,1.663717151,3.319683596,2.098301426,-0.008019365,2.944388241,1.254728585
4.803008944,1.124423146,2.864768431,1.635812595,0.080390718,2.220880613,0.952275991
5.126140684,1.42248106,2.538284361,1.388974302,0.418428563,1.92649141,0.959265381
5.16369909,0.94918406,2.809193954,0.514126662,0.292982835,2.041404136,1.015702784
8.165025077,1.891340249,1.235658584,5.294221158,2.514764323,1.327558384,3.39286139
6.555148554,-0.12479939,5.354858838,6.324874508,3.740539354,6.400414558,2.584223447
10.39907228,2.902731575,7.037485379,4.088520867,2.415594349,4.331494589,3.40191111
17.25671322,2.280112925,2.522158467,5.459580655,2.358299499,2.473487322,3.89858446
24.9658136,3.530989137,5.812521267,3.642120277,4.390983369,6.165902072,6.818429109
10.15004513,3.054094427,2.600882252,1.282122947,1.57946229,4.189258014,2.709505442
13.2204763,1.929384975,4.459059558,6.652530239,1.528223081,4.255252893,1.805177996
14.2659836,2.193019418,1.629252815,2.814235592,1.159418212,4.714302551,2.440308582
12.65319194,2.608154985,1.795135083,5.202045479,1.857753752,5.925001516,1.753929254
12.10993081,1.917153465,3.113218944,3.946556398,1.255277543,5.651145293,1.707043583
11.9900081,2.285223264,3.180366484,3.52448903,1.57687858,8.127279574,3.850831286
8.438983356,2.132223257,2.752496629,3.393558135,2.229144414,3.638110366,3.17340067
