"","N1_Ori","N1_Fit","N2_Ori","N2_Fit","N3_Ori","N3_Fit","N4_Ori","N4_Fit","N5_Ori","N5_Fit","N6_Ori","N6_Fit"
"1",6927,6888.24037275713,6810,6813.66486878965,6919,6931.08549246781,7135,7142.93585717632,6996,7041.80613286022,6843,6925.1433368642
"2",6857,6897.32068909262,6876,6869.09084976969,6851,6849.52205245443,7153,7160.45749004177,7063,7029.25780137193,6872,6902.6128276919
"3",6893,6854.08564120182,6890,6897.64614513903,6892,6861.10527436673,7166,7184.44463929708,7116,7104.95444567197,6857,6884.80786962502
"4",6886,6836.18811366378,6882,6864.10503942976,6853,6884.37052050854,7123,7135.56972559767,7174,7136.48489978952,6838,6814.33816128292
"5",6858,6883.58070745738,6770,6766.01736637404,6921,6915.35553562048,7127,7140.34277585982,7086,7058.41207539042,6851,6840.1449294619
"6",6750,6838.21593097609,6793,6811.31460837964,6815,6836.87711293455,7125,7118.96717258309,7047,7055.53043751754,6852,6843.46686238344
"7",6896,6865.99915314358,6780,6774.57078573012,6821,6842.07317115716,7089,7126.46430035804,7059,7080.95194993582,6875,6826.10837085446
"8",6927,6883.80052294265,6816,6802.49856502856,6851,6896.77139087826,7115,7150.14905091417,7066,7075.93592384735,6846,6872.30544994181
"9",6788,6837.15064272925,6779,6804.17730587048,6765,6845.62338395132,7121,7122.63175619566,7010,7035.98050003578,6843,6882.10644124333
"10",6887,6890.05374738097,6775,6779.5543189361,6883,6848.15407655294,7145,7135.946677736,6980,7002.90681298157,6906,6905.57157386679
"11",6976,6948.418939269,6818,6811.55215333061,6941,6893.46190718763,7111,7109.43637972825,6957,6997.10857965967,6924,6923.29592712233
"12",6948,6916.88681844878,6864,6863.29116392801,7026,7002.02481734895,7100,7083.71669251673,6991,7043.41302148052,6943,6892.54591538203
"13",7050,7038.08555055862,6863,6836.14635619757,7047,6996.04588226852,7081,7120.27656329488,7046,7044.31901502017,6913,6937.00831836088
"14",6937,6925.10375125736,6858,6869.08308478052,6985,6975.75385159283,7082,7109.5306507954,7070,7052.80169707403,6945,6967.39276124815
"15",6928,6916.83664973847,6862,6874.88002805453,6940,6954.40172834418,7154,7140.97065980028,7116,7057.72334163999,6923,6920.71464865994
"16",6762,6837.95877827885,6820,6818.82468858599,6935,6920.88319946427,7139,7138.30147126432,7140,7137.51714472077,6913,6871.04501043972
"17",6843,6832.20943137858,6828,6822.43771773576,6929,6902.50892173408,7098,7082.63899608842,7025,7078.79769606666,6849,6822.39939240825
"18",6871,6865.18367959651,6765,6767.56586011587,6854,6905.08941216806,7073,7068.60317822203,6995,7033.94087974473,6828,6829.21270425629
"19",6869,6863.7817657618,6704,6712.25877675168,6896,6890.58898113869,7112,7122.54747263594,6996,6971.21597661153,6859,6863.51391727621
"20",6872,6866.07800511626,6766,6775.64412511754,6883,6897.03467712639,7103,7108.27998810294,6997,6992.8272020274,6873,6897.4141225692
"21",6802,6839.57129329013,6717,6732.4062156083,6860,6846.11892383841,7122,7114.88634451607,7139,7126.03633716835,6819,6913.459455412
"22",6892,6913.64071217131,6774,6777.39365770157,6830,6895.90416310206,7090,7114.71548731639,7147,7162.22771564964,6854,6904.04022071714
"23",6880,6886.33020044747,6862,6857.33202595327,6771,6837.85347182959,7070,7111.4842704673,7087,7081.94557595952,6918,6901.92703052343
"24",6915,6926.89346871627,6955,6932.18413353112,6908,6908.44469843697,7089,7107.40235057016,7086,7126.02618412594,6913,6886.33839970611
"25",6987,6913.60032654075,6902,6874.01068270037,6884,6862.72464336945,7153,7145.3475175738,7187,7191.31324906411,6935,6956.0971860976
"26",6947,6973.48393127755,6851,6847.79660491203,6805,6817.56844760585,7141,7153.04421908055,7152,7144.5138951437,6932,6999.25204611778
"27",6902,6916.05894213689,6805,6845.49173732489,6814,6833.85030173033,7200,7170.48582872508,7180,7176.64306859836,6940,6920.47334935058
"28",6879,6903.05660100112,6806,6792.7178344066,6836,6875.38124310263,7191,7173.90177043634,7107,7096.04622561573,6883,6880.9980170015
"29",6808,6838.06958885398,6756,6748.98230768834,6920,6893.20584035973,7108,7096.12799759493,7048,7053.01599001056,6799,6805.39414762498
"30",6800,6816.97191597206,6735,6742.35448509732,6897,6927.51176836647,7088,7107.00494012638,7070,7070.27792238749,6757,6796.9243072999
"31",6761,6777.1351379341,6805,6805.50729388429,6870,6851.56733111716,7094,7098.92512541209,7082,7089.93777471235,6811,6786.23959910614
"32",6746,6792.26113340132,6820,6813.27567653064,6864,6878.33381118403,7105,7074.16221682891,7067,7051.49542672845,6874,6857.69293212166
"33",6891,6875.84322552069,6814,6817.67568378321,6853,6876.68982594276,7119,7122.36149676651,7077,7086.12590915062,6902,6880.61475185317
"34",6932,6920.3181629393,6884,6872.24082147049,6806,6839.8987567337,7134,7082.60030726888,7045,7055.46814285725,6886,6921.19190088552
"35",6953,6905.81663654469,6871,6847.40533976753,6828,6883.83510565555,7133,7094.93446754731,6964,7027.10736628703,6968,6927.76410811251
"36",6924,6919.37298520446,6761,6816.65347383438,6980,6979.28618928355,7106,7068.27056894988,6983,6997.72353132609,6966,6915.41094066141
"37",7037,6961.70059913838,6884,6895.88756931655,7005,6976.9071065663,7083,7118.94480421934,7117,7109.20367052101,6942,6916.01537416359
"38",6976,6992.12148933908,6912,6906.07982990629,6987,6964.2760771207,7161,7157.07226084559,7192,7184.88511987749,6946,6886.80697670202
"39",6973,6990.13789146617,6891,6869.78610230392,6890,6900.28171971518,7182,7185.70675000388,7021,7024.65030011889,6943,6910.82231161274
"40",6909,6897.11809123978,6855,6859.11985837619,6874,6864.62275008055,7184,7162.692879264,7014,6997.55391749653,6918,6879.41676163529
"41",6880,6841.38453305922,6772,6766.53684438514,6929,6918.76551747599,7153,7133.08830640354,7118,7080.47857815979,6848,6910.26587189838
"42",6879,6867.81261410519,6800,6803.50480743199,6909,6901.38928461086,7148,7139.32586855803,7088,7102.96823794412,6852,6865.8997782495
"43",6852,6882.78981418059,6818,6824.08967200323,6882,6866.85032167683,7125,7164.18055591197,7112,7098.13249058797,6900,6854.34738620924
"44",6868,6876.05389042796,6817,6796.62553775896,6901,6890.6925500966,7118,7111.98309653735,7124,7127.59895642074,6892,6904.12988531536
"45",6963,6987.70808587179,6902,6895.62736771237,6981,6925.46372302656,7110,7112.25945091089,7088,7111.87554706839,6962,6909.80690158545
"46",7011,7016.65424249814,6894,6920.01291775145,6919,6907.80426168629,7095,7077.85983362984,7117,7124.74749244386,6979,6969.91557505465
"47",7024,7043.2096680794,6908,6911.67893017452,6890,6869.20483655531,7123,7123.36104516636,7088,7087.1416181052,6981,7004.18442147663
"48",7055,7047.77020055985,6922,6917.75539626703,6959,6957.30285648577,7121,7146.83522607534,7151,7173.82922890412,7037,7012.1979021318
"49",6990,7005.19953027527,6949,6932.23891670629,6984,6958.95005731876,7069,7093.67083503469,7136,7135.12043485924,7024,6997.87045115306
"50",7002,7041.16909733384,7002,6995.51403053296,7001,6984.78250266751,7099,7098.6273273981,7045,7056.01189579605,7043,7004.45474450245
"51",7058,6986.53238699845,7049,7042.8603321455,7036,6987.76501727761,7132,7131.66041230986,7093,7102.10457775102,7043,7007.4115313812
"52",6973,6917.11647954819,7016,7008.6913762961,6987,6919.76009658556,7114,7112.11905934899,7137,7125.12813994018,7008,6984.90754745593
"53",6842,6843.19979349502,6982,6986.35040578315,6921,6915.94016167432,7116,7113.32377878533,7069,7068.23618974966,6917,6938.20091883818
"54",6846,6886.27426830121,6938,6957.93586775387,6943,6938.34649860607,7096,7093.90085718629,7123,7114.61201413802,6903,6914.06208616201
"55",6900,6884.64869419023,6896,6884.59371016079,6936,6912.97209075758,7092,7118.11038993256,7177,7169.75636812707,6904,6896.56706799156
"56",6909,6924.31796902818,6860,6864.67310171584,6961,6959.40030026468,7090,7082.57313082954,7151,7179.99897884115,6875,6872.35274802773
"57",6897,6889.5329172095,6848,6881.11312767807,6938,6930.0257586758,7068,7092.76857341659,7043,7089.23231186616,6886,6896.35347611219
"58",6917,6951.98762419801,6877,6883.96957835707,6838,6851.87495336585,7122,7123.75245745766,7088,7058.21599658625,6911,6928.77549800884
"59",6853,6853.85006203162,6828,6821.4590218866,6919,6912.01653189146,7108,7093.75185126407,7079,7123.843608645,6897,6952.4518454489
"60",6892,6872.74240846815,6957,6940.14428214501,6861,6824.81301927688,7114,7091.98695329099,7069,7123.80244269036,6928,6961.40894386659
"61",6880,6853.36773248009,7000,6985.21835074468,6909,6931.37802978841,7155,7131.89359770461,7096,7082.58958282351,6937,6899.70454541758
"62",6822,6877.36391487001,6933,6923.24108141633,6866,6868.20409866247,7067,7104.41321801456,7081,7085.5659396068,6927,6872.47763177772
"63",6955,6934.68611733088,7019,7043.5197247046,6826,6841.94950773969,7040,7049.55626614484,7118,7100.22117845143,6874,6873.06695573459
"64",6896,6879.88911717305,6949,6957.80838531545,6804,6774.82177324467,7040,7022.68176952568,7109,7056.48157251371,6822,6823.86859610612
"65",6890,6894.71828182133,6933,6937.31108139094,6842,6821.38914404456,7003,7007.73340231009,7136,7123.90992216505,6806,6899.44279465525
"66",6864,6871.92006545721,6967,6958.16482840388,6829,6856.57537246988,7026,7068.5014879691,7104,7124.37353234014,6833,6883.71640739898
"67",6819,6802.34346209996,6874,6868.74468178745,6834,6870.72082243214,7028,7042.46778864251,6969,6970.63209613275,6811,6878.39170087688
"68",6848,6817.37357025266,6818,6822.9977184544,6820,6832.80974965232,7053,7027.34725546113,7029,7064.59440939348,6805,6848.46446430303
"69",6866,6851.40732457042,6810,6818.28660177047,6799,6805.90466254424,7055,7057.24393447058,7105,7117.88356811717,6799,6825.77543463681
"70",6890,6854.44056921985,6867,6859.22726043051,6815,6837.93760175177,7057,7086.24429866075,7123,7076.90682921436,6817,6857.91430488707
"71",6901,6893.64021152784,6875,6878.66424356762,6875,6861.11713525368,7120,7090.28577788824,7043,7018.04466499841,6862,6867.98098499214
"72",6865,6871.84985892171,6869,6866.48134182727,6832,6865.42464558306,7170,7146.86689859934,6989,6993.05700400666,6840,6873.51342639279
"73",6913,6905.01454638977,6823,6832.71122726106,6939,6947.63154889643,7215,7185.02011829049,7129,7115.01651870105,6785,6849.33091041242
"74",6870,6886.72681823338,6881,6897.29619229983,7022,6988.48678583474,7245,7208.72532174157,7115,7084.57248323483,6832,6849.21016937408
"75",6927,6885.00471628426,6858,6844.91601103497,6979,6957.53685452935,7232,7215.05035144338,7089,7103.10384014335,6865,6843.85148680802
"76",6827,6851.38961798324,6898,6918.9068378187,6889,6885.8739273989,7222,7206.44844563543,7156,7112.99073589346,6853,6861.78411755606
"77",6800,6853.15063999455,6876,6861.7962157125,6925,6890.03720426155,7208,7183.34607876416,7141,7134.95799649911,6907,6875.96942346557
"78",6767,6837.64323298589,6846,6872.24892932791,6967,6985.2334970173,7218,7208.46171182914,7098,7095.55212581282,6894,6841.7354543559
"79",6839,6841.82579879201,6937,6923.95804849833,7006,7014.88500571647,7208,7184.68253413662,7176,7139.37322917184,6907,6881.69774550839
"80",6907,6903.77439367682,6884,6879.12034869833,7034,7017.69260164006,7203,7168.29066277543,7179,7109.00544381706,6883,6891.82319331094
"81",6947,6920.561558839,6838,6837.34697842339,6990,6992.44603233499,7184,7158.73214056524,7074,7098.28984043563,6906,6917.40816990707
"82",6888,6891.54341134143,6909,6932.48746360379,6967,6941.05459958374,7152,7162.81239504534,7084,7092.83068391732,6917,6944.65553419622
"83",6911,6904.27637929713,6975,6974.50190582357,6898,6853.59360604,7098,7111.335011345,7085,7060.76084536196,6930,6966.30025855455
"84",6929,6934.21604856856,6989,6982.35532671815,7000,7007.66933881315,7101,7086.01418050593,7027,7008.59743861292,6921,6954.20913173432
"85",6942,6925.43325140621,7033,7029.50054195959,6979,6962.94762273344,7135,7116.50587966364,7130,7130.50564144709,7001,6944.61764491772
"86",6938,6911.51419775096,7024,7024.994939352,6921,6907.1311051641,7116,7157.64412164366,7107,7118.358336456,6997,6962.85819288217
"87",6946,6986.46908485333,7064,7045.97135473618,6949,6956.43771053838,7165,7185.59509497311,7112,7131.5311218818,6983,6959.03545521623
"88",6944,6969.1909388401,7047,7033.09346116974,7010,6940.92270933919,7144,7150.06145926079,7065,7093.10419826236,6932,6964.06004632237
"89",6925,6951.56831720949,6983,6998.00967940027,6954,6957.95525864005,7125,7120.68231891175,7054,7068.29136692179,6922,6930.28924734873
"90",6923,6938.59439066604,6978,6975.01852421498,6887,6894.33056137492,7135,7137.05925975322,7090,7090.47416758591,6956,6954.99857315938
"91",6924,6925.81625443469,6951,6936.07656231331,6871,6927.15702780043,7114,7131.43432721883,7081,7081.95212547299,6970,6946.85478934422
"92",6956,6949.48726729892,6899,6906.17248177086,6853,6858.26813666893,7108,7104.40630198357,7043,7052.73133406538,6998,6944.21168259325
"93",7018,7006.6438114383,6903,6913.61935041194,6897,6912.92125249499,7099,7140.14424880789,7055,7074.52700211347,6975,6937.66339181852
"94",7006,6978.28856083539,6879,6880.64480677001,6874,6910.70278774571,7138,7137.06363200345,7059,7089.98577442027,6978,6932.97182512884
"95",7025,7014.03400411855,6914,6897.04443460075,6774,6809.02381543164,7150,7160.62119289783,7084,7088.84058202627,6952,6907.47902109214
"96",7022,6970.45662583489,6980,6959.59094502568,6882,6859.95407008403,7167,7195.13526150297,7203,7190.7644604687,6951,6924.86136551049
"97",6953,6928.14832450865,6978,6998.80267309077,6957,6932.17886431028,7135,7106.93243904887,7084,7074.48767545205,6964,6937.1867053895
"98",7026,6960.14517876504,7009,6997.87134879824,6978,6966.78694767008,7159,7174.63345703313,7185,7121.79584282376,7003,6957.24410556686
"99",6975,6983.78627431827,6984,6992.85978249317,6995,7004.9885590305,7144,7132.08574700688,7120,7110.79698023088,6950,6969.57117031746
"100",6991,6985.43787188624,6900,6909.05993443233,6943,6954.67349058307,7180,7157.8779891479,7156,7171.65007052615,6961,6938.06984930427
"101",6987,6994.91009987979,6867,6868.88061988869,6864,6857.39618654378,7140,7137.26897994396,7163,7182.14906906252,6929,6931.43290807627
"102",6908,6937.44355362267,6887,6905.65909682619,6917,6945.39159727431,7121,7125.043375243,7042,7047.97995217643,6876,6911.22330265105
"103",6947,6939.45525985012,6872,6858.21928965713,6909,6898.64111139795,7124,7111.7393186773,7014,7058.03481535841,6859,6923.10529060164
"104",6970,6921.39551048698,6882,6910.55809304932,6905,6873.22883018282,7136,7128.04964198658,7117,7092.01878326734,6923,6958.24783599352
"105",6952,6932.19607949034,6911,6919.75335345721,6913,6923.82770975697,7118,7103.37510342254,7088,7075.44756305972,6963,6930.30427916678
"106",6973,6961.34622097299,6916,6930.99105520163,6856,6909.29462052109,7079,7085.76009320985,7005,6997.0183390341,6981,6957.61407316481
"107",7020,6986.2378571407,6970,6969.19025695985,6808,6829.46883030267,7076,7069.38548171083,7017,7041.81069745629,6983,6947.260438419
"108",7060,7028.86012455532,6887,6860.56995476392,6819,6866.50264960799,7079,7081.7709314214,7070,7069.52356331985,6975,6919.70125093948
"109",7020,7023.70490151779,7027,7011.03489407538,6809,6837.9640320812,7101,7115.52329335687,7093,7118.37871188143,6969,6928.4884964818
"110",6984,6977.77028055878,7034,7015.93586698242,6864,6839.52314075242,7156,7159.3569665955,7136,7086.44174776907,6978,6988.37647444307
"111",7011,7020.00271334002,7083,7065.14181195593,6926,6929.15687746855,7174,7162.80241371596,7135,7129.61373837187,6967,7012.96730756549
"112",6945,6924.52781969526,7010,7026.4821212574,6952,6914.13428087457,7220,7219.27228635032,7090,7074.50889346871,6976,6980.52717252399
"113",6839,6895.6452175625,6930,6927.74929853396,6917,6873.40250624933,7193,7148.69626456599,7101,7104.55825958786,6899,6926.61344546783
"114",6888,6943.48193462486,6899,6904.81964777045,6865,6892.62445245128,7144,7138.36656094467,7095,7080.76853829755,6908,6895.86121388287
"115",6950,6935.18486618676,6916,6912.02947358969,6900,6892.70257093719,7119,7127.32346925472,7091,7079.43788159008,6913,6898.10564934858
"116",6949,6973.46852895832,6888,6866.89643519389,6858,6908.79885419938,7105,7122.28401330593,7076,7094.55119658581,6928,6906.38661079302
"117",6947,6941.38347809553,6890,6866.16090200547,6832,6841.70400241392,7109,7107.63730439521,7054,7051.98194407616,6927,6967.65976675441
"118",6947,6960.81716009132,6920,6922.28468425008,6945,6939.79623279869,7138,7121.67790495257,7137,7134.94534956943,6963,6962.37944479239
"119",6954,7001.78661937587,6972,6961.75347406817,6962,6984.66841048133,7115,7131.34829240211,7160,7099.16018606666,6982,6951.52218230509
"120",6981,6978.51270583244,7020,7009.67610347323,6910,6931.3411058458,7094,7125.307313221,7091,7119.21243450647,6931,6945.67934006178
"121",7019,7001.08967326454,6955,6959.50201102576,6945,6936.01303700703,7132,7136.07086659745,7071,7095.11360602688,6928,6955.3275349737
"122",6972,6980.40374296799,6956,6950.20347629964,6943,6968.0815025384,7153,7166.42005420076,7136,7122.76195498611,6935,6917.92472548437
"123",6914,6929.19800331946,6961,6954.53441443259,6889,6873.83537998748,7196,7184.12024950722,7158,7140.3517431782,6927,6918.72869156017
"124",6871,6867.48350939053,6921,6928.11734457333,6904,6907.42405904165,7242,7227.07070256643,7128,7142.90575910453,6905,6901.3444117197
"125",6879,6840.56799390996,6894,6914.59080229612,6857,6873.53784484502,7198,7198.95702549283,7131,7112.96061806707,6845,6870.15646231822
"126",6879,6853.54301231777,6859,6872.50013518892,6875,6919.65086766012,7150,7179.19323191891,7081,7088.9939636551,6817,6828.34863592827
"127",6859,6844.41495049503,6818,6841.47936923355,6885,6905.96501704538,7112,7128.38757009052,7032,7019.90426598364,6842,6859.01970344248
"128",6872,6875.09932178312,6840,6850.28483829716,6918,6918.40698126457,7149,7144.16165458949,7100,7062.66537318293,6820,6865.71700611212
"129",6883,6884.64592588043,6828,6839.95622635022,6896,6945.82779304255,7144,7156.6577455593,7132,7130.35719031859,6854,6877.22813715563
"130",6912,6900.13276887375,6818,6832.08769143866,6891,6900.14886350557,7122,7136.20785721009,7076,7060.85317172651,6904,6874.10152455681
"131",6892,6870.9485417946,6843,6842.56345933992,6912,6904.27523790286,7090,7080.43911718863,6986,7052.63679607104,6900,6890.77047632678
"132",6923,6893.25975225511,6941,6921.80564988385,6940,6941.98199532633,7156,7140.61378695287,7053,7044.70910069473,6932,6938.62814861953
"133",6923,6922.28173981395,6908,6912.77842880486,6951,6946.28730128581,7163,7146.09039490817,7071,7063.05381461005,6919,6930.23116234186
"134",6967,6935.13650744372,6965,6979.90426749559,6931,6921.15921200041,7137,7133.87313498839,7092,7104.85323805816,6944,6937.4154419933
"135",6985,6953.74421089012,6996,6999.76598788751,6949,6984.99061181563,7195,7149.27805020711,7151,7150.63863286844,6954,6900.54335282289
"136",6924,6911.1928156045,6933,6943.44664546603,6920,6949.52982746521,7176,7169.14100441327,7075,7091.07421829909,6914,6902.17190999369
"137",6909,6894.74597480752,6897,6911.03770514243,6924,6935.04227226421,7144,7144.55538822999,7030,7031.48223579199,6909,6874.41884487875
"138",6874,6899.07449857491,6869,6856.28592508806,6854,6876.74782886976,7175,7132.17653758277,7102,7046.53712180237,6881,6848.69142169843
"139",6858,6855.85257737559,6860,6841.65492152032,6837,6911.26974962114,7167,7190.13885275792,7104,7077.10473806194,6898,6864.43959014634
"140",6861,6908.88572888955,6844,6827.83976590654,6900,6872.14704562026,7154,7165.27713532594,7057,7101.1900477749,6885,6879.33423460532
"141",6899,6884.23370676675,6872,6904.74225547,6903,6881.92435545436,7147,7175.41935200032,7010,7019.84736625826,6910,6932.25978641424
"142",6915,6938.13022275749,6885,6859.90684659372,6898,6897.73673442643,7122,7133.42603095865,6947,6979.39030955613,6941,6937.13582661043
"143",6954,6974.47756273248,6896,6886.85331265511,6849,6877.53606019186,7151,7155.96487873196,7109,7089.19251782243,6941,6961.70898806177
"144",6932,6928.67664192976,6986,6966.8727327243,6861,6869.047674893,7137,7150.8894572056,7023,7087.213431963,6904,6944.86983491636
"145",6996,6976.42507076896,6967,6994.53672317823,6914,6900.63545820942,7090,7094.9126018351,7033,7069.58454417349,6948,6953.06938820945
"146",7004,6990.31074853392,6995,6992.53476099904,6964,6944.12586726519,7110,7149.40292847492,7187,7169.39428628795,6989,6944.16385088187
"147",6924,6929.24709900166,6887,6873.66311121312,6941,6918.09583561079,7044,7068.30758789027,7246,7169.36011908559,6911,6890.45928389456
"148",6869,6926.75412771238,6897,6913.53673236034,7005,6992.97079066151,7095,7099.61052342332,7186,7157.16369775634,6912,6889.95935309071
"149",6889,6868.28284155192,6894,6903.93917889945,6851,6845.51004548197,7112,7112.01278124532,7106,7115.83201509867,6847,6860.38015390418
"150",6851,6837.57624417451,6838,6838.0949143298,6810,6871.69886687853,7105,7105.566249623,7109,7111.02742252508,6829,6882.58444515083
"151",6886,6838.89052442371,6871,6869.06786132641,6904,6912.3881274734,7118,7134.95884588786,7082,7084.42871170903,6860,6882.19386737224
"152",6865,6905.49429761202,6795,6814.98819005186,6889,6866.32679223791,7128,7159.70431063127,7084,7042.26783990185,6837,6881.95085363721
"153",6920,6946.77883427758,6802,6794.32944147793,6903,6862.64857278852,7119,7131.12300180165,7106,7131.20575896751,6888,6920.45031094124
"154",6893,6918.19785493777,6927,6916.79703319273,6917,6959.02760271455,7121,7124.52696351475,7134,7107.11536042978,6926,6931.30278025844
"155",6876,6877.68863723529,6932,6955.77641345526,6971,6964.14253812776,7194,7161.88650542293,7138,7132.21545169708,6920,6937.68210053485
"156",6896,6921.24620488755,6900,6899.54573781067,6892,6887.2031570215,7161,7134.81739164863,7130,7112.51190591571,6917,6925.82778270789
"157",6968,6964.28514074205,6939,6931.7391322996,6962,6959.65404731888,7191,7197.80323937013,7093,7081.85017472782,6958,6956.52911491809
"158",6948,6981.66139355514,7029,7008.75860036481,7073,7053.1714852265,7169,7181.85069530195,7109,7100.13001393531,6908,6978.84101310624
"159",6896,6937.51293846803,6936,6928.16972763178,7019,6959.44356601766,7187,7206.43477123848,7162,7126.87315995861,6906,6934.42886202977
"160",6943,6910.33806634856,6982,6960.69950422853,7029,7048.53190170466,7204,7178.79093026265,7180,7138.54379121577,6908,6935.67921750981
"161",6892,6915.37262049177,6946,6966.1214023734,7029,6992.79757213228,7198,7167.34359918904,7176,7197.89048650202,6896,6929.36049074202
"162",6889,6892.48388691044,6930,6903.78319679587,7001,7025.75406655152,7160,7172.09743421319,7111,7122.93834819711,6943,6945.32048475674
"163",6890,6912.93272117692,6944,6949.91997022878,7002,7024.42905015517,7176,7169.84704669494,7091,7103.53373714291,6917,6918.29241681203
"164",6906,6915.84542808646,6919,6904.34939456603,6966,6921.69098617901,7167,7117.5667256835,7092,7071.4998321146,6928,6918.43063063634
"165",6904,6951.61470375313,6867,6893.22194660487,6984,6974.17873203766,7161,7119.54296788865,7069,7101.63452432812,6924,6925.62370893416
"166",6967,6968.49227707833,6930,6918.24833606072,6915,6913.39197532856,7153,7175.9594425916,7061,7094.90820469401,6929,6963.43155113659
"167",6933,6947.5074599547,6974,6986.26055285098,6926,6928.6079239787,7128,7128.83003957129,7010,7042.8399981491,6966,6985.82364186753
"168",6944,6941.66906475519,6975,6979.91208366812,7070,7040.56398023164,7118,7120.3739436642,7063,7093.17885188577,6973,7004.14959134822
"169",7033,7046.27888879247,7043,7047.24973583285,7109,7091.57280869069,7222,7196.41105230704,7121,7112.75316915934,7016,6992.57535118785
"170",7019,6991.94275707523,7028,7046.76842043673,7032,7035.34273023735,7205,7228.58520976097,7104,7127.04062094678,6981,6980.05280019709
"171",6998,7008.65484000495,6990,6984.19240965972,7004,7015.4663418551,7231,7211.43839078651,7099,7117.74177235625,6971,6975.32328840036
"172",6918,6904.98119544674,6941,6927.78990637284,6958,6947.11216293187,7113,7154.35629829582,7106,7123.43481482586,6929,6951.26248289245
"173",6869,6903.77018514654,6970,6969.723401715,6985,6941.17483093274,7165,7189.76941166067,7078,7028.7421739661,6893,6934.3159595157
"174",6909,6917.71679353992,6917,6914.96761786616,6936,6931.68857802993,7144,7153.53608210487,7009,7026.01577493068,6871,6942.14970267547
"175",6911,6922.10911374289,6955,6958.80048525655,6884,6868.84471670777,7125,7153.67252340671,7018,7018.58392085422,6941,6970.44556594703
"176",6951,6957.92436361251,6952,6965.99463202585,6970,6945.39309390828,7083,7128.87514854327,7070,7086.05058971648,6971,6978.15546179742
"177",6962,6999.42963186601,6944,6931.95038438259,6971,6960.707088067,7110,7107.41948218289,7138,7133.92915975428,6980,6990.97142940336
"178",7001,7028.94204709414,6993,7000.34295075415,6963,6950.38579730972,7078,7109.99389996686,7088,7118.18651551079,6985,7000.68120776816
"179",7045,7018.63218743129,7048,7040.39853035017,7035,6988.73531827893,7115,7101.51136128336,7120,7142.85882295295,6998,6990.32690485272
"180",6951,6977.29907232374,7000,6991.50601158013,7008,7026.28257692562,7074,7108.97639741231,7146,7169.10066743678,7000,6998.06710186206
"181",7013,6961.98454645651,7006,7017.64497363455,6966,6972.11879083307,7116,7130.06548345444,7108,7103.32826058216,7001,7008.83067007493
"182",6965,6979.90178764204,6995,6982.10134984292,6968,6979.4367165908,7142,7151.75405364737,7066,7070.10456093796,6976,6999.69996082255
"183",6975,6994.93508185659,7031,7023.2456332127,6984,7002.51257310014,7156,7134.19945771429,7127,7113.57929391748,7042,7030.5702410241
"184",7028,7052.74325676848,6994,6989.79759667948,6996,6964.17042254361,7166,7194.42881988466,7194,7208.80990917022,6994,7011.89299510245
"185",6979,6986.26425801535,6968,6981.92437420967,7019,7047.76100694971,7158,7146.60713284897,7207,7177.42414561312,6935,6959.02503619777
"186",6959,6937.50287374437,6984,6980.35489248382,6984,6966.18513838445,7151,7141.68187141291,7128,7116.30494353567,6924,6965.35499836502
"187",6925,6952.78271358187,6947,6949.09558529068,6935,6927.13438021217,7125,7150.58340016332,7107,7098.21002729903,6956,6970.3400291566
"188",6940,6929.5944185756,7001,7007.45217677689,6910,6945.17267803434,7092,7104.94740152775,7064,7100.28798014836,7004,6964.86415325335
"189",7013,6969.89979294472,7025,7032.34102227651,6971,6994.39301763707,7063,7090.00101041411,7022,6993.11160363186,7038,7005.6726393653
"190",7064,7036.70890312375,6989,6988.87618999348,6999,7003.76619916827,7084,7108.61405590266,7033,7036.01915260408,7031,6998.91373874398
"191",7114,7076.91961640827,6995,7021.30030675395,6985,6995.75257426351,7076,7085.14870609612,7060,7038.78281115542,7013,7004.46675361189
"192",7082,6991.41538207577,7074,7079.78144026192,6993,6996.64546352077,7099,7132.53545862983,7058,7058.2003882248,7033,7043.8198174742
"193",7107,7071.7280842871,7092,7071.69562894094,7012,6959.22961906586,7109,7104.83166596037,7093,7087.48131101441,7057,7040.85312366567
"194",6899,7014.21349582169,7022,7046.76697865317,7033,7072.69175207198,7100,7087.57807087909,7071,7065.78107607844,7065,7026.41441563866
"195",7066,7015.05896782223,7061,7060.72790864757,7055,7047.31101255442,7136,7164.00337577947,7053,7071.38646839407,7066,7027.87802331891
"196",6985,6977.03755783569,7038,7019.80124553198,6955,6974.84386171914,7148,7184.15841592563,7203,7181.16417185183,7032,6981.21944153191
"197",6993,6936.90291828542,6970,6960.26025235582,6894,6886.9540237179,7151,7148.2154151932,7235,7215.47848187437,6971,6982.05509359127
"198",7005,6981.47276897818,6904,6900.76945995563,6921,6928.88221684814,7124,7090.38648023576,7137,7142.36178786108,6980,6953.60025067611
"199",7025,7022.10216483459,7009,6999.87238839139,6959,6940.78206109179,7117,7115.1737994108,7146,7170.14215650901,7008,7003.07251810051
"200",7024,7078.28522270329,6994,6979.65825484938,6948,6937.30667334303,7098,7112.1737155008,7093,7106.38671546499,7023,7008.30600787273
"201",7066,7041.55904756067,7003,6982.55636576566,6968,6955.83910784625,7108,7133.08654030812,7080,7067.36775189731,7018,7027.52255997125
"202",7050,7054.45646121804,6954,6955.43381331814,6956,6955.55936830319,7111,7094.31379884962,7101,7116.21147012739,6979,7035.86739743021
"203",7055,7054.92819952139,6947,6952.95686113345,6892,6917.9823847149,7153,7150.13740186687,7105,7087.61052897049,6975,7000.92986155431
"204",7038,7020.30735816824,6979,6983.2482520387,6990,6960.88044700512,7161,7138.28071839144,7118,7154.40661859252,6969,6964.53481086794
"205",7020,7021.30265476924,7007,6997.07341662299,7036,7034.78549391785,7152,7151.06409897022,7157,7124.3597239048,7009,6970.06906096472
"206",7048,7033.42028524162,7005,7002.27398961135,6987,6997.65772616599,7163,7146.43107706111,7177,7167.40490823381,6981,6984.70933946365
"207",6977,7006.36648937202,7039,7047.04461906424,6922,6911.3112735776,7110,7099.63662199905,7185,7188.06233589039,6932,6965.1933926452
"208",6976,6985.8555356419,6988,7002.82644245214,6964,6921.25340653428,7124,7098.90802494095,7159,7137.82407951825,6940,6990.3747301184
"209",6944,6917.862919437,6961,6942.77152209542,6810,6837.48805331668,7060,7084.97841054117,7129,7118.87463834076,6911,6939.60789104152
"210",6890,6904.89148799456,6899,6893.11698874073,6903,6865.12216155391,7066,7090.04971409052,7109,7138.18858307679,6900,6926.58082948822
"211",6928,6992.14925232853,6906,6908.60177155012,7005,6959.04781826329,7071,7045.84888904497,7047,7065.43165107621,6877,6905.33191704745
"212",6906,6985.31539892055,6867,6876.16677116926,6985,6924.00618974899,7065,7053.15234249178,7071,7056.62320538899,6865,6912.29809195403
"213",6924,6937.6592800331,6919,6934.71385992328,6967,6970.87872771416,7042,7051.27839977342,7045,7049.8731151637,6885,6911.2696051314
"214",6944,6960.88192550174,6927,6931.70989360254,6907,6946.50800459044,7089,7095.07913852357,6997,7012.6736121022,6933,6929.05468433889
"215",6922,6950.50542670841,6891,6897.97942274843,6938,6920.92038501712,7131,7121.27910589278,7021,7022.2176531965,6930,6928.8347624375
"216",6864,6870.83398062414,6940,6942.71353162744,6983,6980.67311848724,7153,7102.54875376438,7048,7067.75580938032,6932,6919.90418011272
"217",6887,6849.4516477918,7018,6993.15750225211,6988,6990.41352848377,7133,7122.10347618171,7069,7060.4378565772,6961,6969.67083054735
"218",6870,6860.35837124331,6971,6979.83488738879,6958,6963.17194014379,7153,7164.44478137717,7088,7117.56338864163,6969,6953.42925540218
"219",6856,6894.52454426839,7009,7017.57814094127,6985,6968.56140217357,7172,7161.54375029076,7096,7086.45077678364,6986,6961.99052809424
"220",6980,6939.24029047472,7021,7013.69120513911,7017,7024.39277470693,7180,7145.09586811144,7140,7129.8609450177,6967,6986.66312201556
"221",7003,6921.02057402147,6995,6992.74308647194,6971,6973.61355904084,7140,7140.97630833225,7168,7181.37328968827,6993,6955.94238488343
"222",6993,6970.65850701633,6960,6943.63004492756,6949,6965.66767607165,7105,7132.4815378611,7139,7157.30325134453,6981,7001.01595134959
"223",7008,6969.53366920222,6938,6939.1216967703,7033,7037.81961157265,7130,7133.67138439788,7130,7144.1182466662,6993,7012.34470967105
"224",7003,7008.65280499462,7007,7009.49822188483,7060,7083.29382556161,7130,7083.72925806352,7170,7123.11857083036,6997,7018.42137364107
"225",6972,6966.12402413317,6980,6978.72584660665,7003,6998.34279929174,7128,7122.97416777969,7143,7129.72036925824,7007,6983.43213175265
"226",7015,7003.56750933564,6983,6985.62035875479,7003,6993.41053171958,7156,7170.17709841058,7136,7136.34722954376,7031,6985.83754317929
"227",6968,7009.70427685007,7018,7038.97287208116,7077,7085.42093900963,7169,7193.22228527635,7125,7133.81423804244,6994,6991.97320237414
"228",7032,7043.22037332277,7042,7026.59367140102,7026,7042.62323602878,7137,7168.13710697883,7114,7124.99844931199,6991,6999.62089884417
"229",6998,6970.29444241643,7067,7083.07033509591,7053,7053.76408160382,7170,7178.36165934504,7199,7207.70463433726,7033,6999.41888242143
"230",6928,6971.03234081475,7070,7073.55963020047,7063,7038.09257620048,7183,7159.70856980247,7196,7201.04500491432,7015,7000.70671395668
"231",6954,6912.62368337668,7083,7064.02891057029,7007,7035.04973917756,7203,7210.69820920435,7139,7211.4056411969,7101,7042.463963443
"232",6899,6901.35734866494,7113,7107.23091787428,6980,6960.97697621925,7168,7166.43723812931,7165,7193.92233244196,7087,7030.01647311881
"233",6936,6912.6276413918,7039,7038.73479622822,7057,7068.4648297562,7141,7144.03824684872,7141,7145.16511967466,7022,7036.26614631476
"234",6989,6994.42993618923,7018,7015.25700339157,6991,7004.1479108782,7111,7108.97267901318,7118,7108.77314667888,6993,7046.980236556
"235",6972,6969.16992402191,7007,7025.24421452817,6964,6958.94445723096,7118,7129.11573937044,7103,7123.54692315796,7044,7051.64982548726
"236",7006,7012.84864695981,6958,6940.08625013286,6904,6868.14467870112,7119,7114.573840689,7112,7067.63633240933,7030,7031.74414970718
"237",7013,6991.09904444381,7008,7007.67934545006,7010,6982.78540376248,7113,7120.24304114268,7100,7134.32933325763,7047,7002.33119248085
"238",6963,6974.09377426261,7013,7035.19231293606,6964,6958.83672233463,7120,7134.79922089108,7117,7109.50780094084,7033,7018.75350509028
"239",7007,6978.82578743046,7045,7049.8881552099,7013,6989.54636245822,7121,7124.3439642889,7121,7089.40400493707,7020,7013.87690319008
"240",7019,6988.70463311048,7065,7070.64035047687,7045,6978.88981012131,7131,7146.2877918244,7127,7116.8887640833,7050,7006.8556478882
"241",7047,7029.73107280695,7107,7092.63305442233,6885,6887.98364766667,7180,7192.35791571106,7096,7074.06560100412,7057,7026.23214991308
"242",6989,6990.62194599748,7068,7065.61018634477,6921,6934.97163433362,7174,7200.6493931898,7159,7146.6507078447,6981,6997.16751435312
"243",6947,6956.73550118378,6997,6990.14958721451,6965,6938.90868057465,7161,7181.28265108286,7167,7181.36962834079,6967,7012.89012377499
"244",6889,6915.44600735465,6977,6975.11944324275,6954,6990.58381626851,7193,7163.31090179284,7105,7085.6211889851,6979,6986.15260478201
"245",6858,6894.16293524434,6947,6961.08842024054,6906,6884.89903456448,7165,7168.55781587916,7089,7080.71644462382,6951,6947.91820341249
"246",6885,6925.54783485615,6992,6993.43807112396,6948,6938.68024419935,7126,7102.30002653392,7093,7120.70918897605,6944,6979.96682111641
"247",6876,6877.56704394316,6976,6982.0974846696,6909,6919.42742236094,7108,7106.42540425039,7087,7076.74324067054,6915,6936.78113377894
"248",6947,6907.99341102429,6926,6924.06005709689,6927,6883.98144765179,7083,7115.66973719465,7065,7027.17666698857,6910,6947.76944683041
"249",6930,6945.74753464896,6927,6948.08485805946,6978,6980.33097550447,7087,7095.75998450519,6997,6997.09994134743,6953,6958.95249289871
"250",6894,6857.46941716086,6968,6978.03470119635,6985,6933.15782416061,7106,7120.54915471296,7031,7070.86864654172,6973,6939.60225038992
"251",6916,6927.38119588513,7028,7014.92721486565,6935,6946.76966612495,7117,7131.53413937418,7067,7134.15213277475,7010,6958.93162151679
"252",6953,6938.31213013518,7034,7033.98695446855,6894,6917.16140275488,7090,7077.074247732,7001,7027.68576521775,7027,7001.1935717481
"253",6974,6962.22601633871,7031,7043.46594557882,6999,7013.42508268581,7099,7104.44712620512,7034,7048.63950839848,7041,7039.56676334404
"254",6934,6935.65665106957,7107,7092.68875823015,6991,6951.26954036196,7170,7198.11500585039,7109,7095.7787074149,7014,7018.21995970805
"255",6886,6903.42095688137,7085,7070.13661534632,6988,7011.0960707326,7252,7209.97660975065,7161,7143.98198015393,6984,7001.30931231052
"256",6875,6906.59257637917,7033,7058.02232330216,6949,6920.38399838426,7200,7191.77378814635,7125,7106.59478388809,6994,6959.72309569232
"257",6857,6910.65183593452,7008,7034.2126563469,6910,6910.72210822692,7193,7189.60396341605,7082,7107.33009133989,6930,6954.49667015844
"258",6851,6902.49925013207,6986,7001.62388709175,6929,6972.42085614912,7173,7190.46168804443,7107,7107.76050981755,6945,6903.01978760291
"259",6889,6895.55841355907,6979,6953.10527518908,6998,6990.01329876442,7174,7182.58334655918,7185,7151.23870261472,6930,6937.25528833967
"260",6906,6925.22839279349,6925,6936.10320065967,6941,6948.034973481,7207,7172.46263756404,7130,7129.11010559255,6880,6910.31225002279
"261",6942,6939.56512048402,6955,6922.62592882731,6951,6969.57149506064,7222,7174.99289962417,7050,7068.51830984203,6909,6912.91695309464
"262",6974,6950.32363823199,6932,6932.18127485422,6986,6998.65478371153,7195,7222.36296963207,7029,7031.50062239444,6930,6919.42985408731
"263",6923,6897.53431746227,7000,7002.75591036326,6910,6899.63023356037,7146,7151.13003946728,7065,7086.85766389993,6912,6908.15716097952
"264",6951,6944.02569678899,6837,6842.16624860998,6992,6974.09040624688,7201,7221.79511986094,7165,7141.86522862587,6973,6945.70563340944
"265",6978,6941.72401380433,7014,7006.29582613517,6927,6980.11924662323,7224,7239.64595430968,7176,7149.59494206089,7003,6983.37038420697
"266",6918,6923.31881451671,6960,6945.2327381442,6957,6972.73345332443,7219,7227.07228634108,7148,7168.68990842955,7001,6995.24326402947
"267",6900,6921.03036557311,6940,6933.51113530695,7039,7020.96216951045,7257,7250.3844268203,7220,7232.00738097927,6974,6989.12037242438
"268",6926,6894.54375736549,6961,6959.59529229099,7010,7018.80690271753,7247,7207.04026248701,7233,7245.34770078475,6945,7006.49215886616
"269",6867,6867.48089691218,6913,6897.07383269372,6971,6980.10111342362,7249,7246.13697368534,7253,7214.36013278488,6906,6929.12590051539
"270",6856,6842.73050926757,6929,6929.31249249587,6961,6955.82194152847,7230,7185.43382391923,7183,7192.37891388968,6874,6902.14597809512
"271",6841,6839.42496710259,6859,6842.87421754877,6846,6879.51582842111,7245,7223.46119889521,7191,7157.07618369799,6865,6900.05769385442
"272",6870,6863.09518510941,6892,6897.27326939452,6922,6960.06199045695,7230,7202.42330233599,7228,7215.05428398028,6891,6918.96608014176
"273",6858,6904.35121553309,6912,6914.40628301214,6906,6844.09780362941,7219,7215.95706882298,7165,7191.99911027994,6928,6964.35119607797
"274",6855,6837.7089031674,6882,6877.80439180039,6962,6931.35299647109,7188,7194.24646551272,7146,7152.20116660935,6950,6977.50676638891
"275",6913,6918.83889273659,6933,6930.56625720332,6909,6914.51128739598,7178,7197.59803825029,7179,7168.3580604535,7021,6963.77843846
"276",6990,6945.77315257433,7004,6978.91015078611,6933,6978.11711436043,7214,7187.68366925984,7210,7188.12219910205,7015,6941.51802905301
"277",6969,6976.16542997437,6988,7002.92457235375,7015,6991.93895620295,7190,7208.11916050396,7192,7164.74350612535,6915,6981.33196587587
"278",6979,6962.82325222819,7017,7026.21590126069,7035,7033.62701439882,7238,7212.59136908937,7148,7156.12024037428,7001,6946.0039192289
"279",6917,6974.6697815129,6950,6957.10185309978,7032,6982.37082771217,7240,7224.02464619611,7254,7229.0890444976,6932,6953.05010898748
"280",6869,6883.45615498021,6935,6929.41088029735,6893,6942.19003672494,7239,7252.69219026432,7259,7279.39077565776,6915,6950.47837381418
"281",6835,6836.18990220805,6948,6937.58435944883,6959,6937.56645640223,7179,7188.02011276134,7138,7119.38327959781,6813,6891.04365536733
"282",6788,6793.30984038579,6994,7008.53988252887,6885,6920.32107468561,7179,7187.03795780744,7137,7116.47222089701,6885,6873.27862809512
"283",6788,6834.74525440103,7012,7027.67646502167,6955,6968.65044864676,7147,7173.23233734389,7170,7158.33043252919,6904,6862.45850117859
"284",6823,6863.40045833227,7039,7025.24290610503,7029,7016.79584908612,7185,7180.24673450884,7170,7180.34709160724,6928,6894.03623799186
"285",6887,6917.02583143578,6996,7030.90204032596,6969,6963.86892836233,7198,7191.97338710136,7103,7112.55104688097,6954,6928.68264898212
"286",6898,6939.62913490605,6988,6976.14744616768,7038,7068.86412353328,7233,7238.65380437251,7152,7116.35902755196,6978,6958.50589562573
"287",6921,6912.91505689425,6990,6983.24868352296,6923,6972.21210064297,7233,7196.93748236099,7127,7152.6171464154,6973,6937.83287699556
"288",6978,6937.19082817934,6942,6921.98025001134,7022,6998.92686159737,7221,7193.22621002274,7160,7120.59271734743,6975,6977.92656732131
"289",6939,6921.82795711345,6966,7006.57512364006,7039,7012.837235153,7219,7239.68613553674,7152,7169.08255395191,6970,6953.78333195594
"290",6922,6931.63911944349,7025,7000.04609047975,7018,6999.99696432846,7188,7193.38637117924,7185,7201.09156077044,6957,6953.00697312461
"291",6846,6890.0769870198,7065,7051.87721799551,6938,6929.7640169347,7186,7175.96420071977,7155,7148.22754531877,6920,6922.48439653299
"292",6843,6830.28319434931,7042,7030.44188905755,7008,6991.483645195,7217,7194.8840372616,7169,7197.64668207314,6936,6931.39621753397
"293",6797,6797.5735196802,6957,6969.38555108397,6968,6930.09231469947,7179,7178.60669897315,7185,7140.35194648487,6962,6940.015519285
"294",6802,6846.65841425766,6952,6957.79460816579,6940,6933.40349089866,7146,7156.84804380026,7102,7116.09692608877,6946,6941.98981157649
"295",6877,6812.24240318459,6902,6906.03000328887,6999,6959.94266851918,7148,7132.51418269587,7042,7076.88366345661,6936,6954.10210624237
"296",6904,6848.27336057681,6940,6965.69465598627,7028,7043.91766148653,7162,7154.45261722854,7071,7075.45163521664,6988,6946.37323671367
"297",6939,6938.04102684046,6929,6933.92497749864,6976,6959.66599503511,7152,7159.85014240106,7043,7088.92748417056,6998,6957.53529126015
"298",6976,6939.23127443223,6928,6931.06603454671,6912,6948.90530940065,7155,7143.78934836037,6971,6953.94321768616,7029,6993.06352956688
"299",6934,6958.35615048932,7031,7011.39144277577,6936,6938.24259250396,7174,7166.10994836131,7060,7059.21217156289,7019,6971.74781464928
"300",6990,6963.08297772818,7049,7049.97955060873,7005,7016.42513809008,7225,7204.03517372775,7140,7145.98969585144,6994,6970.91684592967
"301",6976,6955.97948319688,7037,7035.67188603236,6957,6998.84354150485,7208,7170.66561611286,7125,7142.95286708381,7001,7005.07348842371
"302",6895,6942.06439720888,7045,7042.01700413366,6973,6976.01897603082,7259,7213.78962673929,7060,7056.13105620265,6976,6960.74947706032
"303",6975,6908.47696663451,7095,7102.35117573262,6969,6961.01001472409,7265,7227.57559517849,7121,7170.56003356654,6995,6950.83247389469
"304",6851,6901.94746916072,7015,7007.83683644713,6910,6950.24582315166,7223,7198.85468910323,7235,7163.32916707204,6938,6916.69475360683
"305",6750,6819.61561233057,6973,6968.20123257813,6892,6956.35781362826,7224,7226.23146373945,7230,7218.6101486802,6921,6941.31814507359
"306",6838,6868.62210857098,7024,7011.16840559155,6971,6966.26384402612,7211,7206.30131451801,7240,7211.15529430041,6913,6926.71747584666
"307",6869,6859.90281693592,6991,6999.00079138671,6904,6900.59921449681,7198,7167.67764870415,7240,7162.24878356429,6952,6935.89976426383
"308",6903,6895.80264912652,7006,7004.282937805,6885,6911.42029264749,7177,7206.22964541086,7221,7206.53340008229,6944,6964.86256564355
"309",6927,6868.55316994404,6993,6982.5061412248,6956,6931.18034866389,7145,7144.59880781532,7156,7095.32113778799,6981,6944.91729092686
"310",6931,6917.26218316173,6978,6964.49982029195,6979,6980.39670636989,7147,7144.7141566626,7147,7142.50832814423,6983,6941.22613706592
"311",6956,6918.99090339105,7043,7039.43775939628,7000,7027.34910642475,7118,7137.48410553248,7154,7157.79637998128,6983,6940.02322688935
"312",6948,6925.62522507322,7071,7066.41369239315,7016,6995.897286391,7153,7156.64258834525,7186,7181.33461503705,7021,6940.86189474414
